Bundesland,Bildung,Altersgr,ErwerbStatus,GeimpftGenesen,Anz
0.0,1.0,0.0,1.0,0.3333333333333333,0.01097517092479309
0.0,1.0,0.0,1.0,1.0,0.005109751709247931
0.0,1.0,0.0,1.0,0.6666666666666666,0.007106872975890608
0.0,1.0,0.0,1.0,0.0,0.008474271320618927
0.0,1.0,0.0,0.0,0.3333333333333333,0.00845627923713566
0.0,1.0,0.0,0.0,1.0,0.0030946383591219863
0.0,1.0,0.0,0.0,0.6666666666666666,0.005433609211946744
0.0,1.0,0.0,0.0,0.0,0.00818639798488665
0.0,1.0,0.3333333333333333,1.0,0.3333333333333333,0.021032745591939548
0.0,1.0,0.3333333333333333,1.0,1.0,0.010723281756027348
0.0,1.0,0.3333333333333333,1.0,0.6666666666666666,0.009553796329614969
0.0,1.0,0.3333333333333333,1.0,0.0,0.009535804246131702
0.0,1.0,0.3333333333333333,0.0,0.3333333333333333,0.009859661748830515
0.0,1.0,0.3333333333333333,0.0,1.0,0.003562432529686938
0.0,1.0,0.3333333333333333,0.0,0.6666666666666666,0.004534005037783375
0.0,1.0,0.3333333333333333,0.0,0.0,0.007628643396905362
0.0,1.0,0.6666666666666666,1.0,0.3333333333333333,0.03614609571788413
0.0,1.0,0.6666666666666666,1.0,1.0,0.016750629722921913
0.0,1.0,0.6666666666666666,1.0,0.6666666666666666,0.010327455919395465
0.0,1.0,0.6666666666666666,1.0,0.0,0.012360561353004678
0.0,1.0,0.6666666666666666,0.0,0.3333333333333333,0.01500539762504498
0.0,1.0,0.6666666666666666,0.0,1.0,0.003688377114069809
0.0,1.0,0.6666666666666666,0.0,0.6666666666666666,0.0033645196113709966
0.0,1.0,0.6666666666666666,0.0,0.0,0.007556675062972292
0.0,1.0,1.0,1.0,0.3333333333333333,0.03637999280316661
0.0,1.0,1.0,1.0,1.0,0.014141777617848147
0.0,1.0,1.0,1.0,0.6666666666666666,0.0042821158690176326
0.0,1.0,1.0,1.0,0.0,0.006908960057574667
0.0,1.0,1.0,0.0,0.3333333333333333,0.06801007556675064
0.0,1.0,1.0,0.0,1.0,0.016606693055055775
0.0,1.0,1.0,0.0,0.6666666666666666,0.004929830874415258
0.0,1.0,1.0,0.0,0.0,0.01459157970492983
0.0,0.75,0.0,1.0,0.3333333333333333,0.07544080604534005
0.0,0.75,0.0,1.0,1.0,0.044512414537603455
0.0,0.75,0.0,1.0,0.6666666666666666,0.03915077365958978
0.0,0.75,0.0,1.0,0.0,0.03287153652392947
0.0,0.75,0.0,0.0,0.3333333333333333,0.015599136379992802
0.0,0.75,0.0,0.0,1.0,0.0061173083843109035
0.0,0.75,0.0,0.0,0.6666666666666666,0.00906801007556675
0.0,0.75,0.0,0.0,0.0,0.011622885930190716
0.0,0.75,0.3333333333333333,1.0,0.3333333333333333,0.11430370636919755
0.0,0.75,0.3333333333333333,1.0,1.0,0.07191435768261965
0.0,0.75,0.3333333333333333,1.0,0.6666666666666666,0.048776538323137816
0.0,0.75,0.3333333333333333,1.0,0.0,0.03929471032745592
0.0,0.75,0.3333333333333333,0.0,0.3333333333333333,0.017596257646635482
0.0,0.75,0.3333333333333333,0.0,1.0,0.006423173803526448
0.0,0.75,0.3333333333333333,0.0,0.6666666666666666,0.009157970492983088
0.0,0.75,0.3333333333333333,0.0,0.0,0.012054695933789134
0.0,0.75,0.6666666666666666,1.0,0.3333333333333333,0.1908960057574667
0.0,0.75,0.6666666666666666,1.0,1.0,0.09881252249010436
0.0,0.75,0.6666666666666666,1.0,0.6666666666666666,0.042263404102195035
0.0,0.75,0.6666666666666666,1.0,0.0,0.04087801367398345
0.0,0.75,0.6666666666666666,0.0,0.3333333333333333,0.030226700251889168
0.0,0.75,0.6666666666666666,0.0,1.0,0.008042461317020511
0.0,0.75,0.6666666666666666,0.0,0.6666666666666666,0.006693055055775459
0.0,0.75,0.6666666666666666,0.0,0.0,0.013080244692335373
0.0,0.75,1.0,1.0,0.3333333333333333,0.162180640518172
0.0,0.75,1.0,1.0,1.0,0.06761424973011874
0.0,0.75,1.0,1.0,0.6666666666666666,0.01925152932709608
0.0,0.75,1.0,1.0,0.0,0.02612450521770421
0.0,0.75,1.0,0.0,0.3333333333333333,0.15437207628643396
0.0,0.75,1.0,0.0,1.0,0.03893486865779057
0.0,0.75,1.0,0.0,0.6666666666666666,0.011227060093558835
0.0,0.75,1.0,0.0,0.0,0.029758906081324216
0.0,0.5,0.0,1.0,0.3333333333333333,0.041363799928031665
0.0,0.5,0.0,1.0,1.0,0.033177401943145016
0.0,0.5,0.0,1.0,0.6666666666666666,0.016876574307304788
0.0,0.5,0.0,1.0,0.0,0.010705289672544081
0.0,0.5,0.0,0.0,0.3333333333333333,0.00906801007556675
0.0,0.5,0.0,0.0,1.0,0.004965815041381792
0.0,0.5,0.0,0.0,0.6666666666666666,0.0041381792011514935
0.0,0.5,0.0,0.0,0.0,0.004210147535084563
0.0,0.5,0.3333333333333333,1.0,0.3333333333333333,0.04758906081324217
0.0,0.5,0.3333333333333333,1.0,1.0,0.03884490824037424
0.0,0.5,0.3333333333333333,1.0,0.6666666666666666,0.018243972652033105
0.0,0.5,0.3333333333333333,1.0,0.0,0.013278157610651313
0.0,0.5,0.3333333333333333,0.0,0.3333333333333333,0.006369197553076646
0.0,0.5,0.3333333333333333,0.0,1.0,0.003184598776538323
0.0,0.5,0.3333333333333333,0.0,0.6666666666666666,0.003562432529686938
0.0,0.5,0.3333333333333333,0.0,0.0,0.004246131702051097
0.0,0.5,0.6666666666666666,1.0,0.3333333333333333,0.06221662468513854
0.0,0.5,0.6666666666666666,1.0,1.0,0.03641597697013314
0.0,0.5,0.6666666666666666,1.0,0.6666666666666666,0.012774379273119828
0.0,0.5,0.6666666666666666,1.0,0.0,0.011694854264123786
0.0,0.5,0.6666666666666666,0.0,0.3333333333333333,0.006189276718243973
0.0,0.5,0.6666666666666666,0.0,1.0,0.0019611370996761423
0.0,0.5,0.6666666666666666,0.0,0.6666666666666666,0.0018172004318100037
0.0,0.5,0.6666666666666666,0.0,0.0,0.0031126304426052536
0.0,0.5,1.0,1.0,0.3333333333333333,0.0456998920474991
0.0,0.5,1.0,1.0,1.0,0.01869377473911479
0.0,0.5,1.0,1.0,0.6666666666666666,0.005181720043181
0.0,0.5,1.0,1.0,0.0,0.007178841309823677
0.0,0.5,1.0,0.0,0.3333333333333333,0.023227779776898164
0.0,0.5,1.0,0.0,1.0,0.00620726880172724
0.0,0.5,1.0,0.0,0.6666666666666666,0.00197912918315941
0.0,0.5,1.0,0.0,0.0,0.00613530046779417
0.0,0.25,0.0,1.0,0.3333333333333333,0.03729758906081324
0.0,0.25,0.0,1.0,1.0,0.03366318819719324
0.0,0.25,0.0,1.0,0.6666666666666666,0.010183519251529327
0.0,0.25,0.0,1.0,0.0,0.006423173803526448
0.0,0.25,0.0,0.0,0.3333333333333333,0.006944944224541202
0.0,0.25,0.0,0.0,1.0,0.004048218783735157
0.0,0.25,0.0,0.0,0.6666666666666666,0.003040662108672184
0.0,0.25,0.0,0.0,0.0,0.002482907520690896
0.0,0.25,0.3333333333333333,1.0,0.3333333333333333,0.04600575746671465
0.0,0.25,0.3333333333333333,1.0,1.0,0.04201151493342929
0.0,0.25,0.3333333333333333,1.0,0.6666666666666666,0.01363799928031666
0.0,0.25,0.3333333333333333,1.0,0.0,0.009103994242533286
0.0,0.25,0.3333333333333333,0.0,0.3333333333333333,0.006333213386110112
0.0,0.25,0.3333333333333333,0.0,1.0,0.003130622526088521
0.0,0.25,0.3333333333333333,0.0,0.6666666666666666,0.00293270960777258
0.0,0.25,0.3333333333333333,0.0,0.0,0.003688377114069809
0.0,0.25,0.6666666666666666,1.0,0.3333333333333333,0.04996401583303346
0.0,0.25,0.6666666666666666,1.0,1.0,0.0345627923713566
0.0,0.25,0.6666666666666666,1.0,0.6666666666666666,0.008942065491183879
0.0,0.25,0.6666666666666666,1.0,0.0,0.0078085642317380355
0.0,0.25,0.6666666666666666,0.0,0.3333333333333333,0.0036344008636200074
0.0,0.25,0.6666666666666666,0.0,1.0,0.0010615329255127743
0.0,0.25,0.6666666666666666,0.0,0.6666666666666666,0.0010075566750629723
0.0,0.25,0.6666666666666666,0.0,0.0,0.0017452320978769342
0.0,0.25,1.0,1.0,0.3333333333333333,0.04199352284994602
0.0,0.25,1.0,1.0,1.0,0.02013314141777618
0.0,0.25,1.0,1.0,0.6666666666666666,0.0038682979489024828
0.0,0.25,1.0,1.0,0.0,0.005199712126664268
0.0,0.25,1.0,0.0,0.3333333333333333,0.01111910759265923
0.0,0.25,1.0,0.0,1.0,0.0025548758546239656
0.0,0.25,1.0,0.0,0.6666666666666666,0.0009175962576466355
0.0,0.25,1.0,0.0,0.0,0.0028967254408060455
0.0,0.0,0.0,1.0,1.0,3.598416696653473e-05
0.0,0.0,0.0,1.0,0.0,0.0
0.0,0.0,0.0,0.0,0.3333333333333333,0.00012594458438287153
0.0,0.0,0.0,0.0,0.6666666666666666,0.0
0.0,0.0,0.0,0.0,0.0,5.3976250449802085e-05
0.0,0.0,0.3333333333333333,1.0,0.3333333333333333,3.598416696653473e-05
0.0,0.0,0.3333333333333333,1.0,0.6666666666666666,1.7992083483267364e-05
0.0,0.0,0.3333333333333333,1.0,0.0,1.7992083483267364e-05
0.0,0.0,0.3333333333333333,0.0,0.3333333333333333,1.7992083483267364e-05
0.0,0.0,0.3333333333333333,0.0,1.0,0.0
0.0,0.0,0.3333333333333333,0.0,0.6666666666666666,1.7992083483267364e-05
0.0,0.0,0.3333333333333333,0.0,0.0,8.99604174163368e-05
0.0,0.0,0.6666666666666666,1.0,0.3333333333333333,0.0
0.0,0.0,0.6666666666666666,1.0,1.0,0.0
0.0,0.0,0.6666666666666666,1.0,0.6666666666666666,3.598416696653473e-05
0.0,0.0,0.6666666666666666,1.0,0.0,0.0
0.0,0.0,0.6666666666666666,0.0,0.3333333333333333,1.7992083483267364e-05
0.0,0.0,0.6666666666666666,0.0,0.6666666666666666,0.0
0.0,0.0,0.6666666666666666,0.0,0.0,5.3976250449802085e-05
0.0,0.0,1.0,1.0,0.0,0.0
0.0,0.0,1.0,0.0,0.3333333333333333,0.0
0.0,0.0,1.0,0.0,0.0,0.0
0.125,1.0,0.0,1.0,0.3333333333333333,0.03299748110831234
0.125,1.0,0.0,1.0,1.0,0.009589780496581504
0.125,1.0,0.0,1.0,0.6666666666666666,0.022544080604534004
0.125,1.0,0.0,1.0,0.0,0.02912918315940986
0.125,1.0,0.0,0.0,0.3333333333333333,0.02025908600215905
0.125,1.0,0.0,0.0,1.0,0.004857862540482188
0.125,1.0,0.0,0.0,0.6666666666666666,0.011424973011874775
0.125,1.0,0.0,0.0,0.0,0.024523209787693415
0.125,1.0,0.3333333333333333,1.0,0.3333333333333333,0.04026628283555236
0.125,1.0,0.3333333333333333,1.0,1.0,0.013080244692335373
0.125,1.0,0.3333333333333333,1.0,0.6666666666666666,0.023029866858582222
0.125,1.0,0.3333333333333333,1.0,0.0,0.026682259805685497
0.125,1.0,0.3333333333333333,0.0,0.3333333333333333,0.01998920474991004
0.125,1.0,0.3333333333333333,0.0,1.0,0.004444044620367038
0.125,1.0,0.3333333333333333,0.0,0.6666666666666666,0.009301907160849226
0.125,1.0,0.3333333333333333,0.0,0.0,0.019017632241813603
0.125,1.0,0.6666666666666666,1.0,0.3333333333333333,0.05329255127743793
0.125,1.0,0.6666666666666666,1.0,1.0,0.01412378553436488
0.125,1.0,0.6666666666666666,1.0,0.6666666666666666,0.016678661388988845
0.125,1.0,0.6666666666666666,1.0,0.0,0.02524289312702411
0.125,1.0,0.6666666666666666,0.0,0.3333333333333333,0.029489024829075207
0.125,1.0,0.6666666666666666,0.0,1.0,0.004749910039582583
0.125,1.0,0.6666666666666666,0.0,0.6666666666666666,0.00681899964015833
0.125,1.0,0.6666666666666666,0.0,0.0,0.016930550557754588
0.125,1.0,1.0,1.0,0.3333333333333333,0.046527527887729396
0.125,1.0,1.0,1.0,1.0,0.010597337171644476
0.125,1.0,1.0,1.0,0.6666666666666666,0.009337891327815762
0.125,1.0,1.0,1.0,0.0,0.016552716804605974
0.125,1.0,1.0,0.0,0.3333333333333333,0.08091039942425333
0.125,1.0,1.0,0.0,1.0,0.011353004677941706
0.125,1.0,1.0,0.0,0.6666666666666666,0.011335012594458438
0.125,1.0,1.0,0.0,0.0,0.0336272040302267
0.125,0.75,0.0,1.0,0.3333333333333333,0.12587261604893846
0.125,0.75,0.0,1.0,1.0,0.05230298668585822
0.125,0.75,0.0,1.0,0.6666666666666666,0.11059733717164448
0.125,0.75,0.0,1.0,0.0,0.10095358042461317
0.125,0.75,0.0,0.0,0.3333333333333333,0.028841309823677583
0.125,0.75,0.0,0.0,1.0,0.00784454839870457
0.125,0.75,0.0,0.0,0.6666666666666666,0.027329974811083124
0.125,0.75,0.0,0.0,0.0,0.03344728319539403
0.125,0.75,0.3333333333333333,1.0,0.3333333333333333,0.17893127024109393
0.125,0.75,0.3333333333333333,1.0,1.0,0.07797768981648075
0.125,0.75,0.3333333333333333,1.0,0.6666666666666666,0.11646275638718964
0.125,0.75,0.3333333333333333,1.0,0.0,0.1094818279956819
0.125,0.75,0.3333333333333333,0.0,0.3333333333333333,0.03276358402302987
0.125,0.75,0.3333333333333333,0.0,1.0,0.007862540482187838
0.125,0.75,0.3333333333333333,0.0,0.6666666666666666,0.02087081684059014
0.125,0.75,0.3333333333333333,0.0,0.0,0.029848866498740554
0.125,0.75,0.6666666666666666,1.0,0.3333333333333333,0.323281756027348
0.125,0.75,0.6666666666666666,1.0,1.0,0.11216264843468873
0.125,0.75,0.6666666666666666,1.0,0.6666666666666666,0.10385030586541921
0.125,0.75,0.6666666666666666,1.0,0.0,0.12137459517812163
0.125,0.75,0.6666666666666666,0.0,0.3333333333333333,0.06462756387189636
0.125,0.75,0.6666666666666666,0.0,1.0,0.01187477509895646
0.125,0.75,0.6666666666666666,0.0,0.6666666666666666,0.017758186397984887
0.125,0.75,0.6666666666666666,0.0,0.0,0.03639798488664987
0.125,0.75,1.0,1.0,0.3333333333333333,0.2933429291111911
0.125,0.75,1.0,1.0,1.0,0.08463476070528968
0.125,0.75,1.0,1.0,0.6666666666666666,0.05725080964375675
0.125,0.75,1.0,1.0,0.0,0.08256567110471393
0.125,0.75,1.0,0.0,0.3333333333333333,0.3036883771140698
0.125,0.75,1.0,0.0,1.0,0.05118747750989565
0.125,0.75,1.0,0.0,0.6666666666666666,0.04006836991723642
0.125,0.75,1.0,0.0,0.0,0.09003238575026988
0.125,0.5,0.0,1.0,0.3333333333333333,0.07236415976970133
0.125,0.5,0.0,1.0,1.0,0.03841309823677582
0.125,0.5,0.0,1.0,0.6666666666666666,0.04262324577186038
0.125,0.5,0.0,1.0,0.0,0.038107232817560274
0.125,0.5,0.0,0.0,0.3333333333333333,0.016948542641237855
0.125,0.5,0.0,0.0,1.0,0.006279237135660309
0.125,0.5,0.0,0.0,0.6666666666666666,0.011209068010075566
0.125,0.5,0.0,0.0,0.0,0.01302626844188557
0.125,0.5,0.3333333333333333,1.0,0.3333333333333333,0.07842749190356244
0.125,0.5,0.3333333333333333,1.0,1.0,0.04107592659229939
0.125,0.5,0.3333333333333333,1.0,0.6666666666666666,0.04201151493342929
0.125,0.5,0.3333333333333333,1.0,0.0,0.036649874055415615
0.125,0.5,0.3333333333333333,0.0,0.3333333333333333,0.010147535084562792
0.125,0.5,0.3333333333333333,0.0,1.0,0.003418495861820799
0.125,0.5,0.3333333333333333,0.0,0.6666666666666666,0.006225260885210507
0.125,0.5,0.3333333333333333,0.0,0.0,0.008222382151853185
0.125,0.5,0.6666666666666666,1.0,0.3333333333333333,0.09543001079525008
0.125,0.5,0.6666666666666666,1.0,1.0,0.04127383951061533
0.125,0.5,0.6666666666666666,1.0,0.6666666666666666,0.02682619647355164
0.125,0.5,0.6666666666666666,1.0,0.0,0.028679381072328175
0.125,0.5,0.6666666666666666,0.0,0.3333333333333333,0.011370996761424973
0.125,0.5,0.6666666666666666,0.0,1.0,0.002572867938107233
0.125,0.5,0.6666666666666666,0.0,0.6666666666666666,0.0030946383591219863
0.125,0.5,0.6666666666666666,0.0,0.0,0.006459157970492983
0.125,0.5,1.0,1.0,0.3333333333333333,0.07873335732277797
0.125,0.5,1.0,1.0,1.0,0.02614249730118748
0.125,0.5,1.0,1.0,0.6666666666666666,0.011550917596257647
0.125,0.5,1.0,1.0,0.0,0.017650233897085282
0.125,0.5,1.0,0.0,0.3333333333333333,0.0438826916156891
0.125,0.5,1.0,0.0,1.0,0.0075926592299388265
0.125,0.5,1.0,0.0,0.6666666666666666,0.00464195753868298
0.125,0.5,1.0,0.0,0.0,0.011299028427491904
0.125,0.25,0.0,1.0,0.3333333333333333,0.0706189276718244
0.125,0.25,0.0,1.0,1.0,0.045969773299748114
0.125,0.25,0.0,1.0,0.6666666666666666,0.030748470672903924
0.125,0.25,0.0,1.0,0.0,0.025296869377473913
0.125,0.25,0.0,0.0,0.3333333333333333,0.014249730118747752
0.125,0.25,0.0,0.0,1.0,0.006459157970492983
0.125,0.25,0.0,0.0,0.6666666666666666,0.009157970492983088
0.125,0.25,0.0,0.0,0.0,0.009985606333213387
0.125,0.25,0.3333333333333333,1.0,0.3333333333333333,0.09449442245412018
0.125,0.25,0.3333333333333333,1.0,1.0,0.060687297589060815
0.125,0.25,0.3333333333333333,1.0,0.6666666666666666,0.03762144656351205
0.125,0.25,0.3333333333333333,1.0,0.0,0.031288233177401946
0.125,0.25,0.3333333333333333,0.0,0.3333333333333333,0.012234616768621807
0.125,0.25,0.3333333333333333,0.0,1.0,0.004300107952500899
0.125,0.25,0.3333333333333333,0.0,0.6666666666666666,0.006513134220942785
0.125,0.25,0.3333333333333333,0.0,0.0,0.008474271320618927
0.125,0.25,0.6666666666666666,1.0,0.3333333333333333,0.10233897085282476
0.125,0.25,0.6666666666666666,1.0,1.0,0.051691255847427134
0.125,0.25,0.6666666666666666,1.0,0.6666666666666666,0.024919035624325295
0.125,0.25,0.6666666666666666,1.0,0.0,0.024739114789492624
0.125,0.25,0.6666666666666666,0.0,0.3333333333333333,0.008996041741633681
0.125,0.25,0.6666666666666666,0.0,1.0,0.0015113350125944584
0.125,0.25,0.6666666666666666,0.0,0.6666666666666666,0.0022490104354084203
0.125,0.25,0.6666666666666666,0.0,0.0,0.004929830874415258
0.125,0.25,1.0,1.0,0.3333333333333333,0.09336092119467435
0.125,0.25,1.0,1.0,1.0,0.03663188197193235
0.125,0.25,1.0,1.0,0.6666666666666666,0.011029147175242893
0.125,0.25,1.0,1.0,0.0,0.014897445124145377
0.125,0.25,1.0,0.0,0.3333333333333333,0.026646275638718964
0.125,0.25,1.0,0.0,1.0,0.005361640878013674
0.125,0.25,1.0,0.0,0.6666666666666666,0.0029147175242893127
0.125,0.25,1.0,0.0,0.0,0.006729039222741993
0.125,0.0,0.0,1.0,0.3333333333333333,0.00012594458438287153
0.125,0.0,0.0,1.0,1.0,0.0
0.125,0.0,0.0,1.0,0.6666666666666666,1.7992083483267364e-05
0.125,0.0,0.0,1.0,0.0,8.99604174163368e-05
0.125,0.0,0.0,0.0,0.3333333333333333,0.00012594458438287153
0.125,0.0,0.0,0.0,1.0,0.0
0.125,0.0,0.0,0.0,0.6666666666666666,5.3976250449802085e-05
0.125,0.0,0.0,0.0,0.0,0.0002878733357322778
0.125,0.0,0.3333333333333333,1.0,0.3333333333333333,3.598416696653473e-05
0.125,0.0,0.3333333333333333,1.0,1.0,0.0
0.125,0.0,0.3333333333333333,1.0,0.6666666666666666,0.0
0.125,0.0,0.3333333333333333,1.0,0.0,5.3976250449802085e-05
0.125,0.0,0.3333333333333333,0.0,0.3333333333333333,0.00012594458438287153
0.125,0.0,0.3333333333333333,0.0,1.0,0.0
0.125,0.0,0.3333333333333333,0.0,0.6666666666666666,7.196833393306946e-05
0.125,0.0,0.3333333333333333,0.0,0.0,0.0001799208348326736
0.125,0.0,0.6666666666666666,1.0,0.3333333333333333,0.0
0.125,0.0,0.6666666666666666,1.0,1.0,0.0
0.125,0.0,0.6666666666666666,1.0,0.6666666666666666,1.7992083483267364e-05
0.125,0.0,0.6666666666666666,1.0,0.0,3.598416696653473e-05
0.125,0.0,0.6666666666666666,0.0,0.3333333333333333,7.196833393306946e-05
0.125,0.0,0.6666666666666666,0.0,0.0,0.0
0.125,0.0,1.0,1.0,0.3333333333333333,0.0
0.125,0.0,1.0,1.0,0.6666666666666666,0.0
0.125,0.0,1.0,1.0,0.0,1.7992083483267364e-05
0.125,0.0,1.0,0.0,0.3333333333333333,0.00016192875134940626
0.125,0.0,1.0,0.0,0.0,3.598416696653473e-05
0.25,1.0,0.0,1.0,0.3333333333333333,0.09998200791651674
0.25,1.0,0.0,1.0,1.0,0.0431090320259086
0.25,1.0,0.0,1.0,0.6666666666666666,0.06572508096437567
0.25,1.0,0.0,1.0,0.0,0.06729039222741993
0.25,1.0,0.0,0.0,0.3333333333333333,0.06630082763584023
0.25,1.0,0.0,0.0,1.0,0.021932349766102914
0.25,1.0,0.0,0.0,0.6666666666666666,0.03954659949622166
0.25,1.0,0.0,0.0,0.0,0.05829435048578625
0.25,1.0,0.3333333333333333,1.0,0.3333333333333333,0.14755307664627565
0.25,1.0,0.3333333333333333,1.0,1.0,0.06844188557034904
0.25,1.0,0.3333333333333333,1.0,0.6666666666666666,0.07794170564951422
0.25,1.0,0.3333333333333333,1.0,0.0,0.07619647355163728
0.25,1.0,0.3333333333333333,0.0,0.3333333333333333,0.06165887009715725
0.25,1.0,0.3333333333333333,0.0,1.0,0.020169125584742712
0.25,1.0,0.3333333333333333,0.0,0.6666666666666666,0.03243972652033105
0.25,1.0,0.3333333333333333,0.0,0.0,0.04499820079165167
0.25,1.0,0.6666666666666666,1.0,0.3333333333333333,0.20536164087801367
0.25,1.0,0.6666666666666666,1.0,1.0,0.08136020151133501
0.25,1.0,0.6666666666666666,1.0,0.6666666666666666,0.06657070888808925
0.25,1.0,0.6666666666666666,1.0,0.0,0.07616048938467075
0.25,1.0,0.6666666666666666,0.0,0.3333333333333333,0.08019071608492263
0.25,1.0,0.6666666666666666,0.0,1.0,0.020403022670025188
0.25,1.0,0.6666666666666666,0.0,0.6666666666666666,0.023047858942065493
0.25,1.0,0.6666666666666666,0.0,0.0,0.044170564951421375
0.25,1.0,1.0,1.0,0.3333333333333333,0.17920115149334293
0.25,1.0,1.0,1.0,1.0,0.05901403382511695
0.25,1.0,1.0,1.0,0.6666666666666666,0.03634400863620007
0.25,1.0,1.0,1.0,0.0,0.05016192875134941
0.25,1.0,1.0,0.0,0.3333333333333333,0.26495142137459515
0.25,1.0,1.0,0.0,1.0,0.0569449442245412
0.25,1.0,1.0,0.0,0.6666666666666666,0.035318459877653835
0.25,1.0,1.0,0.0,0.0,0.08663188197193235
0.25,0.75,0.0,1.0,0.3333333333333333,0.4430910399424253
0.25,0.75,0.0,1.0,1.0,0.26011155091759625
0.25,0.75,0.0,1.0,0.6666666666666666,0.3011335012594458
0.25,0.75,0.0,1.0,0.0,0.21892767182439726
0.25,0.75,0.0,0.0,0.3333333333333333,0.08105433609211947
0.25,0.75,0.0,0.0,1.0,0.03546239654551997
0.25,0.75,0.0,0.0,0.6666666666666666,0.07362360561353004
0.25,0.75,0.0,0.0,0.0,0.06633681180280676
0.25,0.75,0.3333333333333333,1.0,0.3333333333333333,0.5791111910759266
0.25,0.75,0.3333333333333333,1.0,1.0,0.3622346167686218
0.25,0.75,0.3333333333333333,1.0,0.6666666666666666,0.3328895286074127
0.25,0.75,0.3333333333333333,1.0,0.0,0.2342929111191076
0.25,0.75,0.3333333333333333,0.0,0.3333333333333333,0.07990284274919035
0.25,0.75,0.3333333333333333,0.0,1.0,0.03055055775458798
0.25,0.75,0.3333333333333333,0.0,0.6666666666666666,0.049010435408420296
0.25,0.75,0.3333333333333333,0.0,0.0,0.0542461317020511
0.25,0.75,0.6666666666666666,1.0,0.3333333333333333,1.0
0.25,0.75,0.6666666666666666,1.0,1.0,0.49433249370277077
0.25,0.75,0.6666666666666666,1.0,0.6666666666666666,0.29582583663188194
0.25,0.75,0.6666666666666666,1.0,0.0,0.26639078805325656
0.25,0.75,0.6666666666666666,0.0,0.3333333333333333,0.13605613530046778
0.25,0.75,0.6666666666666666,0.0,1.0,0.034077006117308385
0.25,0.75,0.6666666666666666,0.0,0.6666666666666666,0.03679381072328176
0.25,0.75,0.6666666666666666,0.0,0.0,0.06228859301907161
0.25,0.75,1.0,1.0,0.3333333333333333,0.8973191795609932
0.25,0.75,1.0,1.0,1.0,0.35762864339690537
0.25,0.75,1.0,1.0,0.6666666666666666,0.14742713206189276
0.25,0.75,1.0,1.0,0.0,0.18040662108672184
0.25,0.75,1.0,0.0,0.3333333333333333,0.744080604534005
0.25,0.75,1.0,0.0,1.0,0.18029866858582225
0.25,0.75,1.0,0.0,0.6666666666666666,0.07993882691615689
0.25,0.75,1.0,0.0,0.0,0.1685858222382152
0.25,0.5,0.0,1.0,0.3333333333333333,0.25185318459877654
0.25,0.5,0.0,1.0,1.0,0.19150773659589782
0.25,0.5,0.0,1.0,0.6666666666666666,0.11200071968333933
0.25,0.5,0.0,1.0,0.0,0.07114069809283916
0.25,0.5,0.0,0.0,0.3333333333333333,0.051583303346527526
0.25,0.5,0.0,0.0,1.0,0.02900323857502699
0.25,0.5,0.0,0.0,0.6666666666666666,0.030622526088521052
0.25,0.5,0.0,0.0,0.0,0.027599856063332134
0.25,0.5,0.3333333333333333,1.0,0.3333333333333333,0.2710147535084563
0.25,0.5,0.3333333333333333,1.0,1.0,0.20107952500899604
0.25,0.5,0.3333333333333333,1.0,0.6666666666666666,0.10967974091399785
0.25,0.5,0.3333333333333333,1.0,0.0,0.07182439726520332
0.25,0.5,0.3333333333333333,0.0,0.3333333333333333,0.03342929111191076
0.25,0.5,0.3333333333333333,0.0,1.0,0.017704210147535083
0.25,0.5,0.3333333333333333,0.0,0.6666666666666666,0.018441885570349047
0.25,0.5,0.3333333333333333,0.0,0.0,0.019125584742713204
0.25,0.5,0.6666666666666666,1.0,0.3333333333333333,0.34188557034904643
0.25,0.5,0.6666666666666666,1.0,1.0,0.19739114789492623
0.25,0.5,0.6666666666666666,1.0,0.6666666666666666,0.07866138898884491
0.25,0.5,0.6666666666666666,1.0,0.0,0.06293630802446923
0.25,0.5,0.6666666666666666,0.0,0.3333333333333333,0.03359121986326016
0.25,0.5,0.6666666666666666,0.0,1.0,0.010183519251529327
0.25,0.5,0.6666666666666666,0.0,0.6666666666666666,0.009014033825116948
0.25,0.5,0.6666666666666666,0.0,0.0,0.015023389708528248
0.25,0.5,1.0,1.0,0.3333333333333333,0.26630082763584023
0.25,0.5,1.0,1.0,1.0,0.11335012594458438
0.25,0.5,1.0,1.0,0.6666666666666666,0.03278157610651313
0.25,0.5,1.0,1.0,0.0,0.039258726160489386
0.25,0.5,1.0,0.0,0.3333333333333333,0.11939546599496222
0.25,0.5,1.0,0.0,1.0,0.02905721482547679
0.25,0.5,1.0,0.0,0.6666666666666666,0.010867218423893488
0.25,0.5,1.0,0.0,0.0,0.02743792731198273
0.25,0.25,0.0,1.0,0.3333333333333333,0.22754587981288232
0.25,0.25,0.0,1.0,1.0,0.20147535084562793
0.25,0.25,0.0,1.0,0.6666666666666666,0.06232457718603814
0.25,0.25,0.0,1.0,0.0,0.04064411658870097
0.25,0.25,0.0,0.0,0.3333333333333333,0.0482367758186398
0.25,0.25,0.0,0.0,1.0,0.02707808564231738
0.25,0.25,0.0,0.0,0.6666666666666666,0.02013314141777618
0.25,0.25,0.0,0.0,0.0,0.01977329974811083
0.25,0.25,0.3333333333333333,1.0,0.3333333333333333,0.29735516372795967
0.25,0.25,0.3333333333333333,1.0,1.0,0.2555055775458798
0.25,0.25,0.3333333333333333,1.0,0.6666666666666666,0.08254767902123065
0.25,0.25,0.3333333333333333,1.0,0.0,0.05881612090680101
0.25,0.25,0.3333333333333333,0.0,0.3333333333333333,0.04032025908600216
0.25,0.25,0.3333333333333333,0.0,1.0,0.02148254767902123
0.25,0.25,0.3333333333333333,0.0,0.6666666666666666,0.017092479309103993
0.25,0.25,0.3333333333333333,0.0,0.0,0.016768621806405183
0.25,0.25,0.6666666666666666,1.0,0.3333333333333333,0.3405001799208348
0.25,0.25,0.6666666666666666,1.0,1.0,0.22625044980208708
0.25,0.25,0.6666666666666666,1.0,0.6666666666666666,0.0639438646995322
0.25,0.25,0.6666666666666666,1.0,0.0,0.05070169125584743
0.25,0.25,0.6666666666666666,0.0,0.3333333333333333,0.022184238934868657
0.25,0.25,0.6666666666666666,0.0,1.0,0.008132421734436847
0.25,0.25,0.6666666666666666,0.0,0.6666666666666666,0.006153292551277438
0.25,0.25,0.6666666666666666,0.0,0.0,0.010075566750629723
0.25,0.25,1.0,1.0,0.3333333333333333,0.27311982727599854
0.25,0.25,1.0,1.0,1.0,0.13184598776538323
0.25,0.25,1.0,1.0,0.6666666666666666,0.027635840230298667
0.25,0.25,1.0,1.0,0.0,0.032637639438647
0.25,0.25,1.0,0.0,0.3333333333333333,0.06887369557394746
0.25,0.25,1.0,0.0,1.0,0.019611370996761426
0.25,0.25,1.0,0.0,0.6666666666666666,0.0067830154731917955
0.25,0.25,1.0,0.0,0.0,0.015940985966174884
0.25,0.0,0.0,1.0,0.3333333333333333,0.00021590500179920834
0.25,0.0,0.0,1.0,1.0,8.99604174163368e-05
0.25,0.0,0.0,1.0,0.6666666666666666,3.598416696653473e-05
0.25,0.0,0.0,1.0,0.0,0.000197912918315941
0.25,0.0,0.0,0.0,0.3333333333333333,0.00046779417056495143
0.25,0.0,0.0,0.0,1.0,0.00010795250089960417
0.25,0.0,0.0,0.0,0.6666666666666666,0.0001439366678661389
0.25,0.0,0.0,0.0,0.0,0.0005397625044980209
0.25,0.0,0.3333333333333333,1.0,0.3333333333333333,0.00010795250089960417
0.25,0.0,0.3333333333333333,1.0,1.0,1.7992083483267364e-05
0.25,0.0,0.3333333333333333,1.0,0.6666666666666666,1.7992083483267364e-05
0.25,0.0,0.3333333333333333,1.0,0.0,0.0001799208348326736
0.25,0.0,0.3333333333333333,0.0,0.3333333333333333,0.0001439366678661389
0.25,0.0,0.3333333333333333,0.0,1.0,5.3976250449802085e-05
0.25,0.0,0.3333333333333333,0.0,0.6666666666666666,5.3976250449802085e-05
0.25,0.0,0.3333333333333333,0.0,0.0,0.0002878733357322778
0.25,0.0,0.6666666666666666,1.0,0.3333333333333333,0.00012594458438287153
0.25,0.0,0.6666666666666666,1.0,0.6666666666666666,1.7992083483267364e-05
0.25,0.0,0.6666666666666666,1.0,0.0,0.00016192875134940626
0.25,0.0,0.6666666666666666,0.0,0.3333333333333333,0.00021590500179920834
0.25,0.0,0.6666666666666666,0.0,0.6666666666666666,3.598416696653473e-05
0.25,0.0,0.6666666666666666,0.0,0.0,0.0001439366678661389
0.25,0.0,1.0,1.0,0.3333333333333333,5.3976250449802085e-05
0.25,0.0,1.0,1.0,0.0,0.00010795250089960417
0.25,0.0,1.0,0.0,0.3333333333333333,0.00012594458438287153
0.25,0.0,1.0,0.0,1.0,0.0
0.25,0.0,1.0,0.0,0.6666666666666666,0.0
0.25,0.0,1.0,0.0,0.0,0.0001439366678661389
0.375,1.0,0.0,1.0,0.3333333333333333,0.10196113709967614
0.375,1.0,0.0,1.0,1.0,0.03587621446563512
0.375,1.0,0.0,1.0,0.6666666666666666,0.09632961496941346
0.375,1.0,0.0,1.0,0.0,0.10991363799928032
0.375,1.0,0.0,0.0,0.3333333333333333,0.05521770421014754
0.375,1.0,0.0,0.0,1.0,0.015293270960777258
0.375,1.0,0.0,0.0,0.6666666666666666,0.04334292911119107
0.375,1.0,0.0,0.0,0.0,0.07164447643037064
0.375,1.0,0.3333333333333333,1.0,0.3333333333333333,0.1419575386829795
0.375,1.0,0.3333333333333333,1.0,1.0,0.0543001079525009
0.375,1.0,0.3333333333333333,1.0,0.6666666666666666,0.10338251169485427
0.375,1.0,0.3333333333333333,1.0,0.0,0.10957178841309824
0.375,1.0,0.3333333333333333,0.0,0.3333333333333333,0.05196113709967614
0.375,1.0,0.3333333333333333,0.0,1.0,0.014015833033465276
0.375,1.0,0.3333333333333333,0.0,0.6666666666666666,0.03188197193234977
0.375,1.0,0.3333333333333333,0.0,0.0,0.04915437207628644
0.375,1.0,0.6666666666666666,1.0,0.3333333333333333,0.2090320259086002
0.375,1.0,0.6666666666666666,1.0,1.0,0.07184238934868657
0.375,1.0,0.6666666666666666,1.0,0.6666666666666666,0.09039222741993523
0.375,1.0,0.6666666666666666,1.0,0.0,0.11239654551997122
0.375,1.0,0.6666666666666666,0.0,0.3333333333333333,0.0716084922634041
0.375,1.0,0.6666666666666666,0.0,1.0,0.01622885930190716
0.375,1.0,0.6666666666666666,0.0,0.6666666666666666,0.02081684059014034
0.375,1.0,0.6666666666666666,0.0,0.0,0.04391867578265563
0.375,1.0,1.0,1.0,0.3333333333333333,0.19532205829435048
0.375,1.0,1.0,1.0,1.0,0.05748470672903922
0.375,1.0,1.0,1.0,0.6666666666666666,0.047984886649874055
0.375,1.0,1.0,1.0,0.0,0.06889168765743073
0.375,1.0,1.0,0.0,0.3333333333333333,0.2565851025548759
0.375,1.0,1.0,0.0,1.0,0.04816480748470673
0.375,1.0,1.0,0.0,0.6666666666666666,0.04096797409139978
0.375,1.0,1.0,0.0,0.0,0.09420654911838791
0.375,0.75,0.0,1.0,0.3333333333333333,0.39739114789492624
0.375,0.75,0.0,1.0,1.0,0.21977329974811083
0.375,0.75,0.0,1.0,0.6666666666666666,0.4034724721122706
0.375,0.75,0.0,1.0,0.0,0.31099316300827634
0.375,0.75,0.0,0.0,0.3333333333333333,0.07063691975530767
0.375,0.75,0.0,0.0,1.0,0.029543001079525007
0.375,0.75,0.0,0.0,0.6666666666666666,0.08168405901403382
0.375,0.75,0.0,0.0,0.0,0.07954300107952501
0.375,0.75,0.3333333333333333,1.0,0.3333333333333333,0.49435048578625407
0.375,0.75,0.3333333333333333,1.0,1.0,0.28870097157250807
0.375,0.75,0.3333333333333333,1.0,0.6666666666666666,0.3965275278877294
0.375,0.75,0.3333333333333333,1.0,0.0,0.3044620367038503
0.375,0.75,0.3333333333333333,0.0,0.3333333333333333,0.05985966174883051
0.375,0.75,0.3333333333333333,0.0,1.0,0.022202231018351924
0.375,0.75,0.3333333333333333,0.0,0.6666666666666666,0.04749910039582584
0.375,0.75,0.3333333333333333,0.0,0.0,0.054587981288233174
0.375,0.75,0.6666666666666666,1.0,0.3333333333333333,0.8016012954300108
0.375,0.75,0.6666666666666666,1.0,1.0,0.36768621806405183
0.375,0.75,0.6666666666666666,1.0,0.6666666666666666,0.3333033465275279
0.375,0.75,0.6666666666666666,1.0,0.0,0.319179560993163
0.375,0.75,0.6666666666666666,0.0,0.3333333333333333,0.09094998200791651
0.375,0.75,0.6666666666666666,0.0,1.0,0.01991723641597697
0.375,0.75,0.6666666666666666,0.0,0.6666666666666666,0.0309823677581864
0.375,0.75,0.6666666666666666,0.0,0.0,0.050575746671464555
0.375,0.75,1.0,1.0,0.3333333333333333,0.7663368118028068
0.375,0.75,1.0,1.0,1.0,0.2904102195034185
0.375,0.75,1.0,1.0,0.6666666666666666,0.16712846347607052
0.375,0.75,1.0,1.0,0.0,0.21320618927671825
0.375,0.75,1.0,0.0,0.3333333333333333,0.5830874415257287
0.375,0.75,1.0,0.0,1.0,0.13053256567110472
0.375,0.75,1.0,0.0,0.6666666666666666,0.07831953940266283
0.375,0.75,1.0,0.0,0.0,0.15122346167686218
0.375,0.5,0.0,1.0,0.3333333333333333,0.17736595897804966
0.375,0.5,0.0,1.0,1.0,0.12680820439006837
0.375,0.5,0.0,1.0,0.6666666666666666,0.11048938467074487
0.375,0.5,0.0,1.0,0.0,0.07920115149334293
0.375,0.5,0.0,0.0,0.3333333333333333,0.04249730118747751
0.375,0.5,0.0,0.0,1.0,0.020780856423173802
0.375,0.5,0.0,0.0,0.6666666666666666,0.029507016912558474
0.375,0.5,0.0,0.0,0.0,0.029417056495142136
0.375,0.5,0.3333333333333333,1.0,0.3333333333333333,0.16673263763943866
0.375,0.5,0.3333333333333333,1.0,1.0,0.11948542641237855
0.375,0.5,0.3333333333333333,1.0,0.6666666666666666,0.10203310543360922
0.375,0.5,0.3333333333333333,1.0,0.0,0.07103274559193955
0.375,0.5,0.3333333333333333,0.0,0.3333333333333333,0.021122706009355882
0.375,0.5,0.3333333333333333,0.0,1.0,0.009355883411299028
0.375,0.5,0.3333333333333333,0.0,0.6666666666666666,0.015293270960777258
0.375,0.5,0.3333333333333333,0.0,0.0,0.016012954300107952
0.375,0.5,0.6666666666666666,1.0,0.3333333333333333,0.19138179201151492
0.375,0.5,0.6666666666666666,1.0,1.0,0.10681899964015833
0.375,0.5,0.6666666666666666,1.0,0.6666666666666666,0.06558114429650953
0.375,0.5,0.6666666666666666,1.0,0.0,0.0570528967254408
0.375,0.5,0.6666666666666666,0.0,0.3333333333333333,0.018945663907880533
0.375,0.5,0.6666666666666666,0.0,1.0,0.004785894206549119
0.375,0.5,0.6666666666666666,0.0,0.6666666666666666,0.005055775458798129
0.375,0.5,0.6666666666666666,0.0,0.0,0.010075566750629723
0.375,0.5,1.0,1.0,0.3333333333333333,0.16228859301907161
0.375,0.5,1.0,1.0,1.0,0.06448362720403022
0.375,0.5,1.0,1.0,0.6666666666666666,0.026232457718603816
0.375,0.5,1.0,1.0,0.0,0.034526808204390066
0.375,0.5,1.0,0.0,0.3333333333333333,0.07443324937027708
0.375,0.5,1.0,0.0,1.0,0.016138898884490823
0.375,0.5,1.0,0.0,0.6666666666666666,0.00811442965095358
0.375,0.5,1.0,0.0,0.0,0.018729758906081324
0.375,0.25,0.0,1.0,0.3333333333333333,0.21209068010075566
0.375,0.25,0.0,1.0,1.0,0.17180640518172005
0.375,0.25,0.0,1.0,0.6666666666666666,0.07867938107232818
0.375,0.25,0.0,1.0,0.0,0.055739474631162286
0.375,0.25,0.0,0.0,0.3333333333333333,0.040122346167686215
0.375,0.25,0.0,0.0,1.0,0.022076286433969052
0.375,0.25,0.0,0.0,0.6666666666666666,0.02202231018351925
0.375,0.25,0.0,0.0,0.0,0.024433249370277077
0.375,0.25,0.3333333333333333,1.0,0.3333333333333333,0.24467434328895285
0.375,0.25,0.3333333333333333,1.0,1.0,0.19748110831234256
0.375,0.25,0.3333333333333333,1.0,0.6666666666666666,0.091453760345448
0.375,0.25,0.3333333333333333,1.0,0.0,0.06622885930190717
0.375,0.25,0.3333333333333333,0.0,0.3333333333333333,0.028769341489744513
0.375,0.25,0.3333333333333333,0.0,1.0,0.014645555955379632
0.375,0.25,0.3333333333333333,0.0,0.6666666666666666,0.015815041381792013
0.375,0.25,0.3333333333333333,0.0,0.0,0.016390788053256566
0.375,0.25,0.6666666666666666,1.0,0.3333333333333333,0.2361101115509176
0.375,0.25,0.6666666666666666,1.0,1.0,0.15008996041741635
0.375,0.25,0.6666666666666666,1.0,0.6666666666666666,0.05779057214825477
0.375,0.25,0.6666666666666666,1.0,0.0,0.0509895645915797
0.375,0.25,0.6666666666666666,0.0,0.3333333333333333,0.014375674703130623
0.375,0.25,0.6666666666666666,0.0,1.0,0.003922274199352285
0.375,0.25,0.6666666666666666,0.0,0.6666666666666666,0.004066210867218424
0.375,0.25,0.6666666666666666,0.0,0.0,0.007826556315221302
0.375,0.25,1.0,1.0,0.3333333333333333,0.20422813961856784
0.375,0.25,1.0,1.0,1.0,0.0967974091399784
0.375,0.25,1.0,1.0,0.6666666666666666,0.023965455199712125
0.375,0.25,1.0,1.0,0.0,0.030100755667506297
0.375,0.25,1.0,0.0,0.3333333333333333,0.057070888808924074
0.375,0.25,1.0,0.0,1.0,0.015473191795609931
0.375,0.25,1.0,0.0,0.6666666666666666,0.005487585462396545
0.375,0.25,1.0,0.0,0.0,0.012360561353004678
0.375,0.0,0.0,1.0,0.3333333333333333,0.00025188916876574307
0.375,0.0,0.0,1.0,1.0,3.598416696653473e-05
0.375,0.0,0.0,1.0,0.6666666666666666,0.00012594458438287153
0.375,0.0,0.0,1.0,0.0,0.0003778337531486146
0.375,0.0,0.0,0.0,0.3333333333333333,0.0005397625044980209
0.375,0.0,0.0,0.0,1.0,7.196833393306946e-05
0.375,0.0,0.0,0.0,0.6666666666666666,0.0002878733357322778
0.375,0.0,0.0,0.0,0.0,0.0006297229219143577
0.375,0.0,0.3333333333333333,1.0,0.3333333333333333,0.00010795250089960417
0.375,0.0,0.3333333333333333,1.0,1.0,5.3976250449802085e-05
0.375,0.0,0.3333333333333333,1.0,0.6666666666666666,0.000197912918315941
0.375,0.0,0.3333333333333333,1.0,0.0,0.00021590500179920834
0.375,0.0,0.3333333333333333,0.0,0.3333333333333333,0.0003238575026988125
0.375,0.0,0.3333333333333333,0.0,1.0,3.598416696653473e-05
0.375,0.0,0.3333333333333333,0.0,0.6666666666666666,8.99604174163368e-05
0.375,0.0,0.3333333333333333,0.0,0.0,0.000395825836631882
0.375,0.0,0.6666666666666666,1.0,0.3333333333333333,8.99604174163368e-05
0.375,0.0,0.6666666666666666,1.0,1.0,1.7992083483267364e-05
0.375,0.0,0.6666666666666666,1.0,0.6666666666666666,3.598416696653473e-05
0.375,0.0,0.6666666666666666,1.0,0.0,8.99604174163368e-05
0.375,0.0,0.6666666666666666,0.0,0.3333333333333333,0.00010795250089960417
0.375,0.0,0.6666666666666666,0.0,0.6666666666666666,8.99604174163368e-05
0.375,0.0,0.6666666666666666,0.0,0.0,0.0003418495861820799
0.375,0.0,1.0,1.0,0.0,7.196833393306946e-05
0.375,0.0,1.0,0.0,0.3333333333333333,7.196833393306946e-05
0.375,0.0,1.0,0.0,1.0,0.0
0.375,0.0,1.0,0.0,0.6666666666666666,5.3976250449802085e-05
0.375,0.0,1.0,0.0,0.0,0.00025188916876574307
0.5,1.0,0.0,1.0,0.3333333333333333,0.042407340770061176
0.5,1.0,0.0,1.0,1.0,0.015797049298308743
0.5,1.0,0.0,1.0,0.6666666666666666,0.03243972652033105
0.5,1.0,0.0,1.0,0.0,0.03675782655631522
0.5,1.0,0.0,0.0,0.3333333333333333,0.01678661388988845
0.5,1.0,0.0,0.0,1.0,0.005361640878013674
0.5,1.0,0.0,0.0,0.6666666666666666,0.011083123425692695
0.5,1.0,0.0,0.0,0.0,0.018100035984166967
0.5,1.0,0.3333333333333333,1.0,0.3333333333333333,0.05444404462036704
0.5,1.0,0.3333333333333333,1.0,1.0,0.023443684778697373
0.5,1.0,0.3333333333333333,1.0,0.6666666666666666,0.03438287153652393
0.5,1.0,0.3333333333333333,1.0,0.0,0.036649874055415615
0.5,1.0,0.3333333333333333,0.0,0.3333333333333333,0.016642677222022312
0.5,1.0,0.3333333333333333,0.0,1.0,0.00483987045699892
0.5,1.0,0.3333333333333333,0.0,0.6666666666666666,0.008564231738035265
0.5,1.0,0.3333333333333333,0.0,0.0,0.014267722202231018
0.5,1.0,0.6666666666666666,1.0,0.3333333333333333,0.07688017272400144
0.5,1.0,0.6666666666666666,1.0,1.0,0.02666426772220223
0.5,1.0,0.6666666666666666,1.0,0.6666666666666666,0.028337531486146095
0.5,1.0,0.6666666666666666,1.0,0.0,0.03369917236415977
0.5,1.0,0.6666666666666666,0.0,0.3333333333333333,0.021590500179920834
0.5,1.0,0.6666666666666666,0.0,1.0,0.005703490464195754
0.5,1.0,0.6666666666666666,0.0,0.6666666666666666,0.006243252968693775
0.5,1.0,0.6666666666666666,0.0,0.0,0.013152213026268442
0.5,1.0,1.0,1.0,0.3333333333333333,0.06275638718963655
0.5,1.0,1.0,1.0,1.0,0.017074487225620726
0.5,1.0,1.0,1.0,0.6666666666666666,0.013961856783015474
0.5,1.0,1.0,1.0,0.0,0.020690896005757468
0.5,1.0,1.0,0.0,0.3333333333333333,0.06806405181720043
0.5,1.0,1.0,0.0,1.0,0.013314141777617848
0.5,1.0,1.0,0.0,0.6666666666666666,0.009931630082763584
0.5,1.0,1.0,0.0,0.0,0.026232457718603816
0.5,0.75,0.0,1.0,0.3333333333333333,0.14445843828715366
0.5,0.75,0.0,1.0,1.0,0.0785534364879453
0.5,0.75,0.0,1.0,0.6666666666666666,0.12376754228139619
0.5,0.75,0.0,1.0,0.0,0.09778697373155812
0.5,0.75,0.0,0.0,0.3333333333333333,0.02392947103274559
0.5,0.75,0.0,0.0,1.0,0.009841669665347247
0.5,0.75,0.0,0.0,0.6666666666666666,0.02518891687657431
0.5,0.75,0.0,0.0,0.0,0.024397265203310543
0.5,0.75,0.3333333333333333,1.0,0.3333333333333333,0.1859301907160849
0.5,0.75,0.3333333333333333,1.0,1.0,0.1079884850665707
0.5,0.75,0.3333333333333333,1.0,0.6666666666666666,0.12720403022670027
0.5,0.75,0.3333333333333333,1.0,0.0,0.1016012954300108
0.5,0.75,0.3333333333333333,0.0,0.3333333333333333,0.022310183519251528
0.5,0.75,0.3333333333333333,0.0,1.0,0.00921194674343289
0.5,0.75,0.3333333333333333,0.0,0.6666666666666666,0.016138898884490823
0.5,0.75,0.3333333333333333,0.0,0.0,0.018100035984166967
0.5,0.75,0.6666666666666666,1.0,0.3333333333333333,0.30530766462756387
0.5,0.75,0.6666666666666666,1.0,1.0,0.14014033825116948
0.5,0.75,0.6666666666666666,1.0,0.6666666666666666,0.11477150053976251
0.5,0.75,0.6666666666666666,1.0,0.0,0.1127923713566031
0.5,0.75,0.6666666666666666,0.0,0.3333333333333333,0.034292911119107594
0.5,0.75,0.6666666666666666,0.0,1.0,0.008006477150053976
0.5,0.75,0.6666666666666666,0.0,0.6666666666666666,0.00982367758186398
0.5,0.75,0.6666666666666666,0.0,0.0,0.016192875134940627
0.5,0.75,1.0,1.0,0.3333333333333333,0.29251529327096076
0.5,0.75,1.0,1.0,1.0,0.10901403382511694
0.5,0.75,1.0,1.0,0.6666666666666666,0.061011155091759625
0.5,0.75,1.0,1.0,0.0,0.07860741273839511
0.5,0.75,1.0,0.0,0.3333333333333333,0.19296509535804246
0.5,0.75,1.0,0.0,1.0,0.044818279956819
0.5,0.75,1.0,0.0,0.6666666666666666,0.027509895645915796
0.5,0.75,1.0,0.0,0.0,0.04739114789492623
0.5,0.5,0.0,1.0,0.3333333333333333,0.07522490104354085
0.5,0.5,0.0,1.0,1.0,0.05451601295430011
0.5,0.5,0.0,1.0,0.6666666666666666,0.050917596257646636
0.5,0.5,0.0,1.0,0.0,0.03625404821878374
0.5,0.5,0.0,0.0,0.3333333333333333,0.01644476430370637
0.5,0.5,0.0,0.0,1.0,0.00791651673263764
0.5,0.5,0.0,0.0,0.6666666666666666,0.011946743432889529
0.5,0.5,0.0,0.0,0.0,0.01282835552356963
0.5,0.5,0.3333333333333333,1.0,0.3333333333333333,0.06684059014033825
0.5,0.5,0.3333333333333333,1.0,1.0,0.0482367758186398
0.5,0.5,0.3333333333333333,1.0,0.6666666666666666,0.04019431450161929
0.5,0.5,0.3333333333333333,1.0,0.0,0.028931270241093918
0.5,0.5,0.3333333333333333,0.0,0.3333333333333333,0.008438287153652394
0.5,0.5,0.3333333333333333,0.0,1.0,0.004264123785534365
0.5,0.5,0.3333333333333333,0.0,0.6666666666666666,0.0056854983807124865
0.5,0.5,0.3333333333333333,0.0,0.0,0.006315221302626844
0.5,0.5,0.6666666666666666,1.0,0.3333333333333333,0.07461317020510976
0.5,0.5,0.6666666666666666,1.0,1.0,0.04197553076646276
0.5,0.5,0.6666666666666666,1.0,0.6666666666666666,0.025602734796689456
0.5,0.5,0.6666666666666666,1.0,0.0,0.02211227060093559
0.5,0.5,0.6666666666666666,0.0,0.3333333333333333,0.007268801727240015
0.5,0.5,0.6666666666666666,0.0,1.0,0.002195034184958618
0.5,0.5,0.6666666666666666,0.0,0.6666666666666666,0.002177042101475351
0.5,0.5,0.6666666666666666,0.0,0.0,0.0038682979489024828
0.5,0.5,1.0,1.0,0.3333333333333333,0.06491543720762864
0.5,0.5,1.0,1.0,1.0,0.027509895645915796
0.5,0.5,1.0,1.0,0.6666666666666666,0.011227060093558835
0.5,0.5,1.0,1.0,0.0,0.014447643037063692
0.5,0.5,1.0,0.0,0.3333333333333333,0.026970133141417777
0.5,0.5,1.0,0.0,1.0,0.0068909679740914
0.5,0.5,1.0,0.0,0.6666666666666666,0.0029507016912558473
0.5,0.5,1.0,0.0,0.0,0.0068909679740914
0.5,0.25,0.0,1.0,0.3333333333333333,0.08468873695573947
0.5,0.25,0.0,1.0,1.0,0.07121266642677222
0.5,0.25,0.0,1.0,0.6666666666666666,0.03682979489024829
0.5,0.25,0.0,1.0,0.0,0.02695214105793451
0.5,0.25,0.0,0.0,0.3333333333333333,0.01684059014033825
0.5,0.25,0.0,0.0,1.0,0.008420295070169125
0.5,0.25,0.0,0.0,0.6666666666666666,0.009967614249730118
0.5,0.25,0.0,0.0,0.0,0.01241453760345448
0.5,0.25,0.3333333333333333,1.0,0.3333333333333333,0.10037783375314861
0.5,0.25,0.3333333333333333,1.0,1.0,0.08384310903202591
0.5,0.25,0.3333333333333333,1.0,0.6666666666666666,0.03985246491543721
0.5,0.25,0.3333333333333333,1.0,0.0,0.032025908600215904
0.5,0.25,0.3333333333333333,0.0,0.3333333333333333,0.014159769701331414
0.5,0.25,0.3333333333333333,0.0,1.0,0.007484706729039223
0.5,0.25,0.3333333333333333,0.0,0.6666666666666666,0.007196833393306945
0.5,0.25,0.3333333333333333,0.0,0.0,0.007646635480388629
0.5,0.25,0.6666666666666666,1.0,0.3333333333333333,0.09809283915077366
0.5,0.25,0.6666666666666666,1.0,1.0,0.065275278877294
0.5,0.25,0.6666666666666666,1.0,0.6666666666666666,0.02549478229578985
0.5,0.25,0.6666666666666666,1.0,0.0,0.0241453760345448
0.5,0.25,0.6666666666666666,0.0,0.3333333333333333,0.0070708888089240736
0.5,0.25,0.6666666666666666,0.0,1.0,0.0027527887729399065
0.5,0.25,0.6666666666666666,0.0,0.6666666666666666,0.0021050737675422813
0.5,0.25,0.6666666666666666,0.0,0.0,0.0034005037783375316
0.5,0.25,1.0,1.0,0.3333333333333333,0.09073407700611731
0.5,0.25,1.0,1.0,1.0,0.04490824037423534
0.5,0.25,1.0,1.0,0.6666666666666666,0.012252608852105074
0.5,0.25,1.0,1.0,0.0,0.015239294710327455
0.5,0.25,1.0,0.0,0.3333333333333333,0.019953220582943503
0.5,0.25,1.0,0.0,1.0,0.0050917596257646636
0.5,0.25,1.0,0.0,0.6666666666666666,0.0023929471032745593
0.5,0.25,1.0,0.0,0.0,0.00559553796329615
0.5,0.0,0.0,1.0,0.3333333333333333,0.0001439366678661389
0.5,0.0,0.0,1.0,1.0,3.598416696653473e-05
0.5,0.0,0.0,1.0,0.6666666666666666,5.3976250449802085e-05
0.5,0.0,0.0,1.0,0.0,0.0001799208348326736
0.5,0.0,0.0,0.0,0.3333333333333333,0.0001799208348326736
0.5,0.0,0.0,0.0,0.6666666666666666,3.598416696653473e-05
0.5,0.0,0.0,0.0,0.0,0.00025188916876574307
0.5,0.0,0.3333333333333333,1.0,0.3333333333333333,5.3976250449802085e-05
0.5,0.0,0.3333333333333333,1.0,1.0,3.598416696653473e-05
0.5,0.0,0.3333333333333333,1.0,0.6666666666666666,3.598416696653473e-05
0.5,0.0,0.3333333333333333,1.0,0.0,8.99604174163368e-05
0.5,0.0,0.3333333333333333,0.0,0.3333333333333333,8.99604174163368e-05
0.5,0.0,0.3333333333333333,0.0,1.0,0.0
0.5,0.0,0.3333333333333333,0.0,0.6666666666666666,0.0
0.5,0.0,0.3333333333333333,0.0,0.0,0.000197912918315941
0.5,0.0,0.6666666666666666,1.0,0.3333333333333333,3.598416696653473e-05
0.5,0.0,0.6666666666666666,1.0,1.0,0.0
0.5,0.0,0.6666666666666666,1.0,0.6666666666666666,3.598416696653473e-05
0.5,0.0,0.6666666666666666,1.0,0.0,3.598416696653473e-05
0.5,0.0,0.6666666666666666,0.0,0.3333333333333333,0.00012594458438287153
0.5,0.0,0.6666666666666666,0.0,1.0,0.0
0.5,0.0,0.6666666666666666,0.0,0.0,7.196833393306946e-05
0.5,0.0,1.0,1.0,0.3333333333333333,3.598416696653473e-05
0.5,0.0,1.0,1.0,1.0,0.0
0.5,0.0,1.0,1.0,0.6666666666666666,0.0
0.5,0.0,1.0,1.0,0.0,0.0
0.5,0.0,1.0,0.0,0.3333333333333333,5.3976250449802085e-05
0.5,0.0,1.0,0.0,1.0,0.0
0.5,0.0,1.0,0.0,0.6666666666666666,0.0
0.5,0.0,1.0,0.0,0.0,5.3976250449802085e-05
0.625,1.0,0.0,1.0,0.3333333333333333,0.07103274559193955
0.625,1.0,0.0,1.0,1.0,0.0258546239654552
0.625,1.0,0.0,1.0,0.6666666666666666,0.05174523209787693
0.625,1.0,0.0,1.0,0.0,0.059553796329614966
0.625,1.0,0.0,0.0,0.3333333333333333,0.048344728319539405
0.625,1.0,0.0,0.0,1.0,0.013206189276718244
0.625,1.0,0.0,0.0,0.6666666666666666,0.028751349406261246
0.625,1.0,0.0,0.0,0.0,0.04895645915797049
0.625,1.0,0.3333333333333333,1.0,0.3333333333333333,0.10374235336451962
0.625,1.0,0.3333333333333333,1.0,1.0,0.040014393666786614
0.625,1.0,0.3333333333333333,1.0,0.6666666666666666,0.05737675422813962
0.625,1.0,0.3333333333333333,1.0,0.0,0.06563512054695934
0.625,1.0,0.3333333333333333,0.0,0.3333333333333333,0.05050377833753149
0.625,1.0,0.3333333333333333,0.0,1.0,0.012918315940985966
0.625,1.0,0.3333333333333333,0.0,0.6666666666666666,0.022598056854983808
0.625,1.0,0.3333333333333333,0.0,0.0,0.04118387909319899
0.625,1.0,0.6666666666666666,1.0,0.3333333333333333,0.1449262324577186
0.625,1.0,0.6666666666666666,1.0,1.0,0.046185678301547316
0.625,1.0,0.6666666666666666,1.0,0.6666666666666666,0.04859661748830515
0.625,1.0,0.6666666666666666,1.0,0.0,0.061586901763224185
0.625,1.0,0.6666666666666666,0.0,0.3333333333333333,0.07168046059733717
0.625,1.0,0.6666666666666666,0.0,1.0,0.01309823677581864
0.625,1.0,0.6666666666666666,0.0,0.6666666666666666,0.015725080964375675
0.625,1.0,0.6666666666666666,0.0,0.0,0.03677581863979849
0.625,1.0,1.0,1.0,0.3333333333333333,0.1250269881252249
0.625,1.0,1.0,1.0,1.0,0.033519251529327096
0.625,1.0,1.0,1.0,0.6666666666666666,0.025620726880172723
0.625,1.0,1.0,1.0,0.0,0.036883771140698095
0.625,1.0,1.0,0.0,0.3333333333333333,0.20509175962576467
0.625,1.0,1.0,0.0,1.0,0.03234976610291472
0.625,1.0,1.0,0.0,0.6666666666666666,0.02551277437927312
0.625,1.0,1.0,0.0,0.0,0.06117308384310903
0.625,0.75,0.0,1.0,0.3333333333333333,0.3417056495142137
0.625,0.75,0.0,1.0,1.0,0.1673083843109032
0.625,0.75,0.0,1.0,0.6666666666666666,0.24534005037783374
0.625,0.75,0.0,1.0,0.0,0.19055415617128463
0.625,0.75,0.0,0.0,0.3333333333333333,0.06935948182799569
0.625,0.75,0.0,0.0,1.0,0.024091399784094997
0.625,0.75,0.0,0.0,0.6666666666666666,0.05397625044980209
0.625,0.75,0.0,0.0,0.0,0.05735876214465635
0.625,0.75,0.3333333333333333,1.0,0.3333333333333333,0.45
0.625,0.75,0.3333333333333333,1.0,1.0,0.22898524649154373
0.625,0.75,0.3333333333333333,1.0,0.6666666666666666,0.2573047858942065
0.625,0.75,0.3333333333333333,1.0,0.0,0.1920474991003958
0.625,0.75,0.3333333333333333,0.0,0.3333333333333333,0.0638898884490824
0.625,0.75,0.3333333333333333,0.0,1.0,0.020510975170924792
0.625,0.75,0.3333333333333333,0.0,0.6666666666666666,0.03438287153652393
0.625,0.75,0.3333333333333333,0.0,0.0,0.04445843828715365
0.625,0.75,0.6666666666666666,1.0,0.3333333333333333,0.755181720043181
0.625,0.75,0.6666666666666666,1.0,1.0,0.3044800287873336
0.625,0.75,0.6666666666666666,1.0,0.6666666666666666,0.23267362360561353
0.625,0.75,0.6666666666666666,1.0,0.0,0.21660669305505578
0.625,0.75,0.6666666666666666,0.0,0.3333333333333333,0.12117668225980568
0.625,0.75,0.6666666666666666,0.0,1.0,0.02454120187117668
0.625,0.75,0.6666666666666666,0.0,0.6666666666666666,0.03136020151133501
0.625,0.75,0.6666666666666666,0.0,0.0,0.05190716084922634
0.625,0.75,1.0,1.0,0.3333333333333333,0.6475890608132422
0.625,0.75,1.0,1.0,1.0,0.2128463476070529
0.625,0.75,1.0,1.0,0.6666666666666666,0.11743432889528607
0.625,0.75,1.0,1.0,0.0,0.1390248290752069
0.625,0.75,1.0,0.0,0.3333333333333333,0.6318279956819
0.625,0.75,1.0,0.0,1.0,0.11831594098596618
0.625,0.75,1.0,0.0,0.6666666666666666,0.07132061892767183
0.625,0.75,1.0,0.0,0.0,0.13778337531486146
0.625,0.5,0.0,1.0,0.3333333333333333,0.21194674343288952
0.625,0.5,0.0,1.0,1.0,0.1353904282115869
0.625,0.5,0.0,1.0,0.6666666666666666,0.09766102914717524
0.625,0.5,0.0,1.0,0.0,0.06928751349406262
0.625,0.5,0.0,0.0,0.3333333333333333,0.05188916876574307
0.625,0.5,0.0,0.0,1.0,0.0215545160129543
0.625,0.5,0.0,0.0,0.6666666666666666,0.02373155811442965
0.625,0.5,0.0,0.0,0.0,0.029291111910759265
0.625,0.5,0.3333333333333333,1.0,0.3333333333333333,0.186272040302267
0.625,0.5,0.3333333333333333,1.0,1.0,0.11826196473551637
0.625,0.5,0.3333333333333333,1.0,0.6666666666666666,0.08238575026988125
0.625,0.5,0.3333333333333333,1.0,0.0,0.05818639798488665
0.625,0.5,0.3333333333333333,0.0,0.3333333333333333,0.025890608132421736
0.625,0.5,0.3333333333333333,0.0,1.0,0.00962576466354804
0.625,0.5,0.3333333333333333,0.0,0.6666666666666666,0.013062252608852106
0.625,0.5,0.3333333333333333,0.0,0.0,0.015095358042461317
0.625,0.5,0.6666666666666666,1.0,0.3333333333333333,0.20235696293630803
0.625,0.5,0.6666666666666666,1.0,1.0,0.1008276358402303
0.625,0.5,0.6666666666666666,1.0,0.6666666666666666,0.0507196833393307
0.625,0.5,0.6666666666666666,1.0,0.0,0.044062612450521774
0.625,0.5,0.6666666666666666,0.0,0.3333333333333333,0.024091399784094997
0.625,0.5,0.6666666666666666,0.0,1.0,0.005127743792731198
0.625,0.5,0.6666666666666666,0.0,0.6666666666666666,0.00654911838790932
0.625,0.5,0.6666666666666666,0.0,0.0,0.011964735516372796
0.625,0.5,1.0,1.0,0.3333333333333333,0.1486146095717884
0.625,0.5,1.0,1.0,1.0,0.05421014753508456
0.625,0.5,1.0,1.0,0.6666666666666666,0.021104713925872615
0.625,0.5,1.0,1.0,0.0,0.025602734796689456
0.625,0.5,1.0,0.0,0.3333333333333333,0.07317380352644837
0.625,0.5,1.0,0.0,1.0,0.014033825116948543
0.625,0.5,1.0,0.0,0.6666666666666666,0.007772580064771501
0.625,0.5,1.0,0.0,0.0,0.01711047139258726
0.625,0.25,0.0,1.0,0.3333333333333333,0.23267362360561353
0.625,0.25,0.0,1.0,1.0,0.18718963655991364
0.625,0.25,0.0,1.0,0.6666666666666666,0.0679740913997841
0.625,0.25,0.0,1.0,0.0,0.04767902123065851
0.625,0.25,0.0,0.0,0.3333333333333333,0.04758906081324217
0.625,0.25,0.0,0.0,1.0,0.0215005397625045
0.625,0.25,0.0,0.0,0.6666666666666666,0.016552716804605974
0.625,0.25,0.0,0.0,0.0,0.021986326016552718
0.625,0.25,0.3333333333333333,1.0,0.3333333333333333,0.24710327455919395
0.625,0.25,0.3333333333333333,1.0,1.0,0.1869917236415977
0.625,0.25,0.3333333333333333,1.0,0.6666666666666666,0.07110471392587261
0.625,0.25,0.3333333333333333,1.0,0.0,0.049352284994602376
0.625,0.25,0.3333333333333333,0.0,0.3333333333333333,0.032385750269881254
0.625,0.25,0.3333333333333333,0.0,1.0,0.014861460957178841
0.625,0.25,0.3333333333333333,0.0,0.6666666666666666,0.012900323857502699
0.625,0.25,0.3333333333333333,0.0,0.0,0.015401223461676862
0.625,0.25,0.6666666666666666,1.0,0.3333333333333333,0.2332853544440446
0.625,0.25,0.6666666666666666,1.0,1.0,0.13267362360561352
0.625,0.25,0.6666666666666666,1.0,0.6666666666666666,0.04354084202950702
0.625,0.25,0.6666666666666666,1.0,0.0,0.03938467074487226
0.625,0.25,0.6666666666666666,0.0,0.3333333333333333,0.017506297229219144
0.625,0.25,0.6666666666666666,0.0,1.0,0.004372076286433969
0.625,0.25,0.6666666666666666,0.0,0.6666666666666666,0.004210147535084563
0.625,0.25,0.6666666666666666,0.0,0.0,0.008438287153652394
0.625,0.25,1.0,1.0,0.3333333333333333,0.1993882691615689
0.625,0.25,1.0,1.0,1.0,0.08387909319899245
0.625,0.25,1.0,1.0,0.6666666666666666,0.020025188916876574
0.625,0.25,1.0,1.0,0.0,0.024037423533645196
0.625,0.25,1.0,0.0,0.3333333333333333,0.05622526088521051
0.625,0.25,1.0,0.0,1.0,0.01282835552356963
0.625,0.25,1.0,0.0,0.6666666666666666,0.005613530046779417
0.625,0.25,1.0,0.0,0.0,0.012000719683339331
0.625,0.0,0.0,1.0,0.3333333333333333,0.00012594458438287153
0.625,0.0,0.0,1.0,1.0,0.0
0.625,0.0,0.0,1.0,0.6666666666666666,0.0001439366678661389
0.625,0.0,0.0,1.0,0.0,0.00023389708528247572
0.625,0.0,0.0,0.0,0.3333333333333333,0.0005037783375314861
0.625,0.0,0.0,0.0,1.0,3.598416696653473e-05
0.625,0.0,0.0,0.0,0.6666666666666666,0.0001799208348326736
0.625,0.0,0.0,0.0,0.0,0.0005577545879812883
0.625,0.0,0.3333333333333333,1.0,0.3333333333333333,0.00012594458438287153
0.625,0.0,0.3333333333333333,1.0,1.0,0.0
0.625,0.0,0.3333333333333333,1.0,0.6666666666666666,7.196833393306946e-05
0.625,0.0,0.3333333333333333,1.0,0.0,0.00012594458438287153
0.625,0.0,0.3333333333333333,0.0,0.3333333333333333,0.0002878733357322778
0.625,0.0,0.3333333333333333,0.0,1.0,3.598416696653473e-05
0.625,0.0,0.3333333333333333,0.0,0.6666666666666666,3.598416696653473e-05
0.625,0.0,0.3333333333333333,0.0,0.0,0.00025188916876574307
0.625,0.0,0.6666666666666666,1.0,0.3333333333333333,0.0001439366678661389
0.625,0.0,0.6666666666666666,1.0,1.0,0.0
0.625,0.0,0.6666666666666666,1.0,0.0,0.0001439366678661389
0.625,0.0,0.6666666666666666,0.0,0.3333333333333333,0.000197912918315941
0.625,0.0,0.6666666666666666,0.0,0.6666666666666666,3.598416696653473e-05
0.625,0.0,0.6666666666666666,0.0,0.0,0.00021590500179920834
0.625,0.0,1.0,1.0,0.3333333333333333,3.598416696653473e-05
0.625,0.0,1.0,1.0,1.0,0.0
0.625,0.0,1.0,1.0,0.0,3.598416696653473e-05
0.625,0.0,1.0,0.0,0.3333333333333333,0.00012594458438287153
0.625,0.0,1.0,0.0,1.0,0.0
0.625,0.0,1.0,0.0,0.0,0.00010795250089960417
0.75,1.0,0.0,1.0,0.3333333333333333,0.060813242173443686
0.75,1.0,0.0,1.0,1.0,0.023983447283195396
0.75,1.0,0.0,1.0,0.6666666666666666,0.042407340770061176
0.75,1.0,0.0,1.0,0.0,0.04681540122346168
0.75,1.0,0.0,0.0,0.3333333333333333,0.02374955019791292
0.75,1.0,0.0,0.0,1.0,0.006675062972292191
0.75,1.0,0.0,0.0,0.6666666666666666,0.014987405541561713
0.75,1.0,0.0,0.0,0.0,0.024613170205109752
0.75,1.0,0.3333333333333333,1.0,0.3333333333333333,0.08123425692695214
0.75,1.0,0.3333333333333333,1.0,1.0,0.032493702770780855
0.75,1.0,0.3333333333333333,1.0,0.6666666666666666,0.042389348686577906
0.75,1.0,0.3333333333333333,1.0,0.0,0.04501619287513494
0.75,1.0,0.3333333333333333,0.0,0.3333333333333333,0.0241993522849946
0.75,1.0,0.3333333333333333,0.0,1.0,0.0068549838071248655
0.75,1.0,0.3333333333333333,0.0,0.6666666666666666,0.011946743432889529
0.75,1.0,0.3333333333333333,0.0,0.0,0.01862180640518172
0.75,1.0,0.6666666666666666,1.0,0.3333333333333333,0.12024109391867578
0.75,1.0,0.6666666666666666,1.0,1.0,0.039798488664987405
0.75,1.0,0.6666666666666666,1.0,0.6666666666666666,0.038215185318459875
0.75,1.0,0.6666666666666666,1.0,0.0,0.044818279956819
0.75,1.0,0.6666666666666666,0.0,0.3333333333333333,0.03377114069809284
0.75,1.0,0.6666666666666666,0.0,1.0,0.007556675062972292
0.75,1.0,0.6666666666666666,0.0,0.6666666666666666,0.008744152572867939
0.75,1.0,0.6666666666666666,0.0,0.0,0.017830154731917958
0.75,1.0,1.0,1.0,0.3333333333333333,0.10879812882331774
0.75,1.0,1.0,1.0,1.0,0.03013673983447283
0.75,1.0,1.0,1.0,0.6666666666666666,0.02162648434688737
0.75,1.0,1.0,1.0,0.0,0.03292551277437927
0.75,1.0,1.0,0.0,0.3333333333333333,0.11779417056495142
0.75,1.0,1.0,0.0,1.0,0.021842389348686576
0.75,1.0,1.0,0.0,0.6666666666666666,0.016732637639438646
0.75,1.0,1.0,0.0,0.0,0.037441525728679384
0.75,0.75,0.0,1.0,0.3333333333333333,0.23817920115149335
0.75,0.75,0.0,1.0,1.0,0.11883771140698093
0.75,0.75,0.0,1.0,0.6666666666666666,0.16399784094998202
0.75,0.75,0.0,1.0,0.0,0.13263763943864698
0.75,0.75,0.0,0.0,0.3333333333333333,0.04098596617488305
0.75,0.75,0.0,0.0,1.0,0.014987405541561713
0.75,0.75,0.0,0.0,0.6666666666666666,0.038089240734077004
0.75,0.75,0.0,0.0,0.0,0.03607412738395106
0.75,0.75,0.3333333333333333,1.0,0.3333333333333333,0.29298308744152574
0.75,0.75,0.3333333333333333,1.0,1.0,0.1598596617488305
0.75,0.75,0.3333333333333333,1.0,0.6666666666666666,0.16182079884850667
0.75,0.75,0.3333333333333333,1.0,0.0,0.12826556315221302
0.75,0.75,0.3333333333333333,0.0,0.3333333333333333,0.03736955739474631
0.75,0.75,0.3333333333333333,0.0,1.0,0.015293270960777258
0.75,0.75,0.3333333333333333,0.0,0.6666666666666666,0.023137819359481827
0.75,0.75,0.3333333333333333,0.0,0.0,0.026574307304785893
0.75,0.75,0.6666666666666666,1.0,0.3333333333333333,0.4530766462756387
0.75,0.75,0.6666666666666666,1.0,1.0,0.18895286074127385
0.75,0.75,0.6666666666666666,1.0,0.6666666666666666,0.13909679740913997
0.75,0.75,0.6666666666666666,1.0,0.0,0.1322598056854984
0.75,0.75,0.6666666666666666,0.0,0.3333333333333333,0.05255487585462396
0.75,0.75,0.6666666666666666,0.0,1.0,0.012810363440086361
0.75,0.75,0.6666666666666666,0.0,0.6666666666666666,0.015311263044260526
0.75,0.75,0.6666666666666666,0.0,0.0,0.02468513853904282
0.75,0.75,1.0,1.0,0.3333333333333333,0.41414177761784815
0.75,0.75,1.0,1.0,1.0,0.13794530406621086
0.75,0.75,1.0,1.0,0.6666666666666666,0.07484706729039223
0.75,0.75,1.0,1.0,0.0,0.09622166246851385
0.75,0.75,1.0,0.0,0.3333333333333333,0.2640518172004318
0.75,0.75,1.0,0.0,1.0,0.057196833393306945
0.75,0.75,1.0,0.0,0.6666666666666666,0.03260165527168046
0.75,0.75,1.0,0.0,0.0,0.06277437927311982
0.75,0.5,0.0,1.0,0.3333333333333333,0.11315221302626845
0.75,0.5,0.0,1.0,1.0,0.07576466354803886
0.75,0.5,0.0,1.0,0.6666666666666666,0.05557754587981288
0.75,0.5,0.0,1.0,0.0,0.04107592659229939
0.75,0.5,0.0,0.0,0.3333333333333333,0.026988125224901044
0.75,0.5,0.0,0.0,1.0,0.01214465635120547
0.75,0.5,0.0,0.0,0.6666666666666666,0.014015833033465276
0.75,0.5,0.0,0.0,0.0,0.018657790572148256
0.75,0.5,0.3333333333333333,1.0,0.3333333333333333,0.09591579704929831
0.75,0.5,0.3333333333333333,1.0,1.0,0.06320618927671824
0.75,0.5,0.3333333333333333,1.0,0.6666666666666666,0.04154372076286434
0.75,0.5,0.3333333333333333,1.0,0.0,0.03209787693414898
0.75,0.5,0.3333333333333333,0.0,0.3333333333333333,0.012702410939186759
0.75,0.5,0.3333333333333333,0.0,1.0,0.006243252968693775
0.75,0.5,0.3333333333333333,0.0,0.6666666666666666,0.007412738395106153
0.75,0.5,0.3333333333333333,0.0,0.0,0.008420295070169125
0.75,0.5,0.6666666666666666,1.0,0.3333333333333333,0.10599136379992803
0.75,0.5,0.6666666666666666,1.0,1.0,0.054174163368118027
0.75,0.5,0.6666666666666666,1.0,0.6666666666666666,0.0283915077365959
0.75,0.5,0.6666666666666666,1.0,0.0,0.025944584382871536
0.75,0.5,0.6666666666666666,0.0,0.3333333333333333,0.010561353004677941
0.75,0.5,0.6666666666666666,0.0,1.0,0.003076646275638719
0.75,0.5,0.6666666666666666,0.0,0.6666666666666666,0.002338970852824757
0.75,0.5,0.6666666666666666,0.0,0.0,0.004893846707448722
0.75,0.5,1.0,1.0,0.3333333333333333,0.08366318819719323
0.75,0.5,1.0,1.0,1.0,0.031702051097517094
0.75,0.5,1.0,1.0,0.6666666666666666,0.011910759265922994
0.75,0.5,1.0,1.0,0.0,0.016012954300107952
0.75,0.5,1.0,0.0,0.3333333333333333,0.03234976610291472
0.75,0.5,1.0,0.0,1.0,0.008348326736236056
0.75,0.5,1.0,0.0,0.6666666666666666,0.0035984166966534724
0.75,0.5,1.0,0.0,0.0,0.008006477150053976
0.75,0.25,0.0,1.0,0.3333333333333333,0.1319719323497661
0.75,0.25,0.0,1.0,1.0,0.10698092839150773
0.75,0.25,0.0,1.0,0.6666666666666666,0.04346887369557395
0.75,0.25,0.0,1.0,0.0,0.030604534005037782
0.75,0.25,0.0,0.0,0.3333333333333333,0.027581863979848867
0.75,0.25,0.0,0.0,1.0,0.013314141777617848
0.75,0.25,0.0,0.0,0.6666666666666666,0.01241453760345448
0.75,0.25,0.0,0.0,0.0,0.019071608492263404
0.75,0.25,0.3333333333333333,1.0,0.3333333333333333,0.13834112990284275
0.75,0.25,0.3333333333333333,1.0,1.0,0.10768261964735516
0.75,0.25,0.3333333333333333,1.0,0.6666666666666666,0.04201151493342929
0.75,0.25,0.3333333333333333,1.0,0.0,0.03396905361640878
0.75,0.25,0.3333333333333333,0.0,0.3333333333333333,0.019269521410579346
0.75,0.25,0.3333333333333333,0.0,1.0,0.010003598416696654
0.75,0.25,0.3333333333333333,0.0,0.6666666666666666,0.00872616048938467
0.75,0.25,0.3333333333333333,0.0,0.0,0.008942065491183879
0.75,0.25,0.6666666666666666,1.0,0.3333333333333333,0.1352824757106873
0.75,0.25,0.6666666666666666,1.0,1.0,0.08413098236775819
0.75,0.25,0.6666666666666666,1.0,0.6666666666666666,0.02959697732997481
0.75,0.25,0.6666666666666666,1.0,0.0,0.02851745232097877
0.75,0.25,0.6666666666666666,0.0,0.3333333333333333,0.009445843828715366
0.75,0.25,0.6666666666666666,0.0,1.0,0.003166606693055056
0.75,0.25,0.6666666666666666,0.0,0.6666666666666666,0.002536883771140698
0.75,0.25,0.6666666666666666,0.0,0.0,0.005073767542281396
0.75,0.25,1.0,1.0,0.3333333333333333,0.12079884850665708
0.75,0.25,1.0,1.0,1.0,0.05206908960057575
0.75,0.25,1.0,1.0,0.6666666666666666,0.013763943864699531
0.75,0.25,1.0,1.0,0.0,0.01739834472831954
0.75,0.25,1.0,0.0,0.3333333333333333,0.02509895645915797
0.75,0.25,1.0,0.0,1.0,0.005631522130262684
0.75,0.25,1.0,0.0,0.6666666666666666,0.001781216264843469
0.75,0.25,1.0,0.0,0.0,0.006279237135660309
0.75,0.0,0.0,1.0,0.3333333333333333,0.0003418495861820799
0.75,0.0,0.0,1.0,1.0,0.00010795250089960417
0.75,0.0,0.0,1.0,0.6666666666666666,0.000197912918315941
0.75,0.0,0.0,1.0,0.0,0.0003238575026988125
0.75,0.0,0.0,0.0,0.3333333333333333,0.000197912918315941
0.75,0.0,0.0,0.0,1.0,1.7992083483267364e-05
0.75,0.0,0.0,0.0,0.6666666666666666,0.00016192875134940626
0.75,0.0,0.0,0.0,0.0,0.0003418495861820799
0.75,0.0,0.3333333333333333,1.0,0.3333333333333333,0.0001439366678661389
0.75,0.0,0.3333333333333333,1.0,1.0,1.7992083483267364e-05
0.75,0.0,0.3333333333333333,1.0,0.6666666666666666,0.00012594458438287153
0.75,0.0,0.3333333333333333,1.0,0.0,0.00010795250089960417
0.75,0.0,0.3333333333333333,0.0,0.3333333333333333,3.598416696653473e-05
0.75,0.0,0.3333333333333333,0.0,1.0,1.7992083483267364e-05
0.75,0.0,0.3333333333333333,0.0,0.6666666666666666,3.598416696653473e-05
0.75,0.0,0.3333333333333333,0.0,0.0,8.99604174163368e-05
0.75,0.0,0.6666666666666666,1.0,0.3333333333333333,8.99604174163368e-05
0.75,0.0,0.6666666666666666,1.0,0.6666666666666666,0.0
0.75,0.0,0.6666666666666666,1.0,0.0,3.598416696653473e-05
0.75,0.0,0.6666666666666666,0.0,0.3333333333333333,0.000197912918315941
0.75,0.0,0.6666666666666666,0.0,1.0,1.7992083483267364e-05
0.75,0.0,0.6666666666666666,0.0,0.6666666666666666,0.0
0.75,0.0,0.6666666666666666,0.0,0.0,8.99604174163368e-05
0.75,0.0,1.0,1.0,0.3333333333333333,1.7992083483267364e-05
0.75,0.0,1.0,1.0,1.0,1.7992083483267364e-05
0.75,0.0,1.0,1.0,0.0,7.196833393306946e-05
0.75,0.0,1.0,0.0,0.3333333333333333,0.0001439366678661389
0.75,0.0,1.0,0.0,0.6666666666666666,3.598416696653473e-05
0.75,0.0,1.0,0.0,0.0,7.196833393306946e-05
0.875,1.0,0.0,1.0,0.3333333333333333,0.033285354444044624
0.875,1.0,0.0,1.0,1.0,0.01493342929111191
0.875,1.0,0.0,1.0,0.6666666666666666,0.02373155811442965
0.875,1.0,0.0,1.0,0.0,0.027419935228499462
0.875,1.0,0.0,0.0,0.3333333333333333,0.013602015113350126
0.875,1.0,0.0,0.0,1.0,0.004516012954300108
0.875,1.0,0.0,0.0,0.6666666666666666,0.011568909679740913
0.875,1.0,0.0,0.0,0.0,0.017488305145735877
0.875,1.0,0.3333333333333333,1.0,0.3333333333333333,0.048560633321338614
0.875,1.0,0.3333333333333333,1.0,1.0,0.0223821518531846
0.875,1.0,0.3333333333333333,1.0,0.6666666666666666,0.028013673983447285
0.875,1.0,0.3333333333333333,1.0,0.0,0.028139618567830156
0.875,1.0,0.3333333333333333,0.0,0.3333333333333333,0.01570708888089241
0.875,1.0,0.3333333333333333,0.0,1.0,0.0053976250449802084
0.875,1.0,0.3333333333333333,0.0,0.6666666666666666,0.010273479668945663
0.875,1.0,0.3333333333333333,0.0,0.0,0.01412378553436488
0.875,1.0,0.6666666666666666,1.0,0.3333333333333333,0.06948542641237855
0.875,1.0,0.6666666666666666,1.0,1.0,0.02578265563152213
0.875,1.0,0.6666666666666666,1.0,0.6666666666666666,0.024127383951061534
0.875,1.0,0.6666666666666666,1.0,0.0,0.027977689816480748
0.875,1.0,0.6666666666666666,0.0,0.3333333333333333,0.023911478949262325
0.875,1.0,0.6666666666666666,0.0,1.0,0.005055775458798129
0.875,1.0,0.6666666666666666,0.0,0.6666666666666666,0.006998920474991004
0.875,1.0,0.6666666666666666,0.0,0.0,0.013494062612450522
0.875,1.0,1.0,1.0,0.3333333333333333,0.055955379632961495
0.875,1.0,1.0,1.0,1.0,0.01745232097876934
0.875,1.0,1.0,1.0,0.6666666666666666,0.011227060093558835
0.875,1.0,1.0,1.0,0.0,0.01786613889888449
0.875,1.0,1.0,0.0,0.3333333333333333,0.06567110471392587
0.875,1.0,1.0,0.0,1.0,0.012702410939186759
0.875,1.0,1.0,0.0,0.6666666666666666,0.008834112990284275
0.875,1.0,1.0,0.0,0.0,0.026304426052536883
0.875,0.75,0.0,1.0,0.3333333333333333,0.11171284634760706
0.875,0.75,0.0,1.0,1.0,0.0677581863979849
0.875,0.75,0.0,1.0,0.6666666666666666,0.08679381072328175
0.875,0.75,0.0,1.0,0.0,0.07090680100755667
0.875,0.75,0.0,0.0,0.3333333333333333,0.018909679740914
0.875,0.75,0.0,0.0,1.0,0.008852105073767541
0.875,0.75,0.0,0.0,0.6666666666666666,0.01977329974811083
0.875,0.75,0.0,0.0,0.0,0.021104713925872615
0.875,0.75,0.3333333333333333,1.0,0.3333333333333333,0.14093198992443326
0.875,0.75,0.3333333333333333,1.0,1.0,0.08655991363799928
0.875,0.75,0.3333333333333333,1.0,0.6666666666666666,0.08483267362360561
0.875,0.75,0.3333333333333333,1.0,0.0,0.0677581863979849
0.875,0.75,0.3333333333333333,0.0,0.3333333333333333,0.018441885570349047
0.875,0.75,0.3333333333333333,0.0,1.0,0.00852824757106873
0.875,0.75,0.3333333333333333,0.0,0.6666666666666666,0.013206189276718244
0.875,0.75,0.3333333333333333,0.0,0.0,0.015185318459877653
0.875,0.75,0.6666666666666666,1.0,0.3333333333333333,0.21991723641597696
0.875,0.75,0.6666666666666666,1.0,1.0,0.1060093558834113
0.875,0.75,0.6666666666666666,1.0,0.6666666666666666,0.07022310183519251
0.875,0.75,0.6666666666666666,1.0,0.0,0.0722202231018352
0.875,0.75,0.6666666666666666,0.0,0.3333333333333333,0.02610651313422094
0.875,0.75,0.6666666666666666,0.0,1.0,0.006908960057574667
0.875,0.75,0.6666666666666666,0.0,0.6666666666666666,0.007988485066570709
0.875,0.75,0.6666666666666666,0.0,0.0,0.01419575386829795
0.875,0.75,1.0,1.0,0.3333333333333333,0.20636919755307664
0.875,0.75,1.0,1.0,1.0,0.07938107232817561
0.875,0.75,1.0,1.0,0.6666666666666666,0.03727959697732997
0.875,0.75,1.0,1.0,0.0,0.04762504498020871
0.875,0.75,1.0,0.0,0.3333333333333333,0.12142857142857143
0.875,0.75,1.0,0.0,1.0,0.026520331054336092
0.875,0.75,1.0,0.0,0.6666666666666666,0.01604893846707449
0.875,0.75,1.0,0.0,0.0,0.03416696653472472
0.875,0.5,0.0,1.0,0.3333333333333333,0.04875854623965455
0.875,0.5,0.0,1.0,1.0,0.03909679740913998
0.875,0.5,0.0,1.0,0.6666666666666666,0.024721122706009357
0.875,0.5,0.0,1.0,0.0,0.017848146815401224
0.875,0.5,0.0,0.0,0.3333333333333333,0.012162648434688736
0.875,0.5,0.0,0.0,1.0,0.006351205469593379
0.875,0.5,0.0,0.0,0.6666666666666666,0.007430730478589421
0.875,0.5,0.0,0.0,0.0,0.007700611730838431
0.875,0.5,0.3333333333333333,1.0,0.3333333333333333,0.04690536164087802
0.875,0.5,0.3333333333333333,1.0,1.0,0.03580424613170205
0.875,0.5,0.3333333333333333,1.0,0.6666666666666666,0.02121266642677222
0.875,0.5,0.3333333333333333,1.0,0.0,0.016768621806405183
0.875,0.5,0.3333333333333333,0.0,0.3333333333333333,0.007268801727240015
0.875,0.5,0.3333333333333333,0.0,1.0,0.003922274199352285
0.875,0.5,0.3333333333333333,0.0,0.6666666666666666,0.004695933789132782
0.875,0.5,0.3333333333333333,0.0,0.0,0.005127743792731198
0.875,0.5,0.6666666666666666,1.0,0.3333333333333333,0.050233897085282475
0.875,0.5,0.6666666666666666,1.0,1.0,0.029219143576826197
0.875,0.5,0.6666666666666666,1.0,0.6666666666666666,0.014105793450881612
0.875,0.5,0.6666666666666666,1.0,0.0,0.013404102195034184
0.875,0.5,0.6666666666666666,0.0,0.3333333333333333,0.005703490464195754
0.875,0.5,0.6666666666666666,0.0,1.0,0.0017452320978769342
0.875,0.5,0.6666666666666666,0.0,0.6666666666666666,0.0018172004318100037
0.875,0.5,0.6666666666666666,0.0,0.0,0.0026088521050737674
0.875,0.5,1.0,1.0,0.3333333333333333,0.04094998200791652
0.875,0.5,1.0,1.0,1.0,0.017164447643037064
0.875,0.5,1.0,1.0,0.6666666666666666,0.006153292551277438
0.875,0.5,1.0,1.0,0.0,0.0077365958978049655
0.875,0.5,1.0,0.0,0.3333333333333333,0.015922993882691614
0.875,0.5,1.0,0.0,1.0,0.0041381792011514935
0.875,0.5,1.0,0.0,0.6666666666666666,0.0016732637639438647
0.875,0.5,1.0,0.0,0.0,0.00415617128463476
0.875,0.25,0.0,1.0,0.3333333333333333,0.047786973731558116
0.875,0.25,0.0,1.0,1.0,0.04215545160129543
0.875,0.25,0.0,1.0,0.6666666666666666,0.015239294710327455
0.875,0.25,0.0,1.0,0.0,0.010417416336811803
0.875,0.25,0.0,0.0,0.3333333333333333,0.011694854264123786
0.875,0.25,0.0,0.0,1.0,0.006171284634760705
0.875,0.25,0.0,0.0,0.6666666666666666,0.004749910039582583
0.875,0.25,0.0,0.0,0.0,0.005721482547679021
0.875,0.25,0.3333333333333333,1.0,0.3333333333333333,0.060903202590860024
0.875,0.25,0.3333333333333333,1.0,1.0,0.05174523209787693
0.875,0.25,0.3333333333333333,1.0,0.6666666666666666,0.019827275998560632
0.875,0.25,0.3333333333333333,1.0,0.0,0.015779057214825476
0.875,0.25,0.3333333333333333,0.0,0.3333333333333333,0.01009355883411299
0.875,0.25,0.3333333333333333,0.0,1.0,0.005055775458798129
0.875,0.25,0.3333333333333333,0.0,0.6666666666666666,0.005073767542281396
0.875,0.25,0.3333333333333333,0.0,0.0,0.005163727959697733
0.875,0.25,0.6666666666666666,1.0,0.3333333333333333,0.06518531845987766
0.875,0.25,0.6666666666666666,1.0,1.0,0.04251529327096078
0.875,0.25,0.6666666666666666,1.0,0.6666666666666666,0.013332133861101115
0.875,0.25,0.6666666666666666,1.0,0.0,0.012702410939186759
0.875,0.25,0.6666666666666666,0.0,0.3333333333333333,0.0053976250449802084
0.875,0.25,0.6666666666666666,0.0,1.0,0.0020151133501259445
0.875,0.25,0.6666666666666666,0.0,0.6666666666666666,0.0017632241813602015
0.875,0.25,0.6666666666666666,0.0,0.0,0.0023929471032745593
0.875,0.25,1.0,1.0,0.3333333333333333,0.056980928391507736
0.875,0.25,1.0,1.0,1.0,0.02864339690536164
0.875,0.25,1.0,1.0,0.6666666666666666,0.006279237135660309
0.875,0.25,1.0,1.0,0.0,0.008006477150053976
0.875,0.25,1.0,0.0,0.3333333333333333,0.013763943864699531
0.875,0.25,1.0,0.0,1.0,0.004084202950701691
0.875,0.25,1.0,0.0,0.6666666666666666,0.0010255487585462398
0.875,0.25,1.0,0.0,0.0,0.0036164087801367397
0.875,0.0,0.0,1.0,0.3333333333333333,0.00010795250089960417
0.875,0.0,0.0,1.0,1.0,5.3976250449802085e-05
0.875,0.0,0.0,1.0,0.6666666666666666,5.3976250449802085e-05
0.875,0.0,0.0,1.0,0.0,0.0001439366678661389
0.875,0.0,0.0,0.0,0.3333333333333333,0.0002878733357322778
0.875,0.0,0.0,0.0,1.0,7.196833393306946e-05
0.875,0.0,0.0,0.0,0.6666666666666666,7.196833393306946e-05
0.875,0.0,0.0,0.0,0.0,0.00026988125224901044
0.875,0.0,0.3333333333333333,1.0,0.3333333333333333,0.00010795250089960417
0.875,0.0,0.3333333333333333,1.0,1.0,0.0
0.875,0.0,0.3333333333333333,1.0,0.6666666666666666,3.598416696653473e-05
0.875,0.0,0.3333333333333333,1.0,0.0,0.00010795250089960417
0.875,0.0,0.3333333333333333,0.0,0.3333333333333333,8.99604174163368e-05
0.875,0.0,0.3333333333333333,0.0,1.0,3.598416696653473e-05
0.875,0.0,0.3333333333333333,0.0,0.6666666666666666,0.0
0.875,0.0,0.3333333333333333,0.0,0.0,8.99604174163368e-05
0.875,0.0,0.6666666666666666,1.0,0.3333333333333333,3.598416696653473e-05
0.875,0.0,0.6666666666666666,1.0,0.6666666666666666,3.598416696653473e-05
0.875,0.0,0.6666666666666666,1.0,0.0,1.7992083483267364e-05
0.875,0.0,0.6666666666666666,0.0,0.3333333333333333,3.598416696653473e-05
0.875,0.0,0.6666666666666666,0.0,1.0,1.7992083483267364e-05
0.875,0.0,0.6666666666666666,0.0,0.6666666666666666,0.0
0.875,0.0,0.6666666666666666,0.0,0.0,7.196833393306946e-05
0.875,0.0,1.0,1.0,0.3333333333333333,3.598416696653473e-05
0.875,0.0,1.0,1.0,0.6666666666666666,1.7992083483267364e-05
0.875,0.0,1.0,1.0,0.0,0.0
0.875,0.0,1.0,0.0,0.3333333333333333,7.196833393306946e-05
0.875,0.0,1.0,0.0,0.0,5.3976250449802085e-05
1.0,1.0,0.0,1.0,0.3333333333333333,0.1717164447643037
1.0,1.0,0.0,1.0,1.0,0.08326736236056136
1.0,1.0,0.0,1.0,0.6666666666666666,0.11831594098596618
1.0,1.0,0.0,1.0,0.0,0.1292191435768262
1.0,1.0,0.0,0.0,0.3333333333333333,0.13751349406261246
1.0,1.0,0.0,0.0,1.0,0.04391867578265563
1.0,1.0,0.0,0.0,0.6666666666666666,0.11101115509175963
1.0,1.0,0.0,0.0,0.0,0.15622526088521052
1.0,1.0,0.3333333333333333,1.0,0.3333333333333333,0.2255127743792731
1.0,1.0,0.3333333333333333,1.0,1.0,0.11397984886649874
1.0,1.0,0.3333333333333333,1.0,0.6666666666666666,0.13733357322777978
1.0,1.0,0.3333333333333333,1.0,0.0,0.12914717524289313
1.0,1.0,0.3333333333333333,0.0,0.3333333333333333,0.13888089240734078
1.0,1.0,0.3333333333333333,0.0,1.0,0.04762504498020871
1.0,1.0,0.3333333333333333,0.0,0.6666666666666666,0.09373875494782295
1.0,1.0,0.3333333333333333,0.0,0.0,0.12650233897085283
1.0,1.0,0.6666666666666666,1.0,0.3333333333333333,0.2788952860741274
1.0,1.0,0.6666666666666666,1.0,1.0,0.11705649514213746
1.0,1.0,0.6666666666666666,1.0,0.6666666666666666,0.10735876214465635
1.0,1.0,0.6666666666666666,1.0,0.0,0.1233717164447643
1.0,1.0,0.6666666666666666,0.0,0.3333333333333333,0.1606872975890608
1.0,1.0,0.6666666666666666,0.0,1.0,0.04264123785534365
1.0,1.0,0.6666666666666666,0.0,0.6666666666666666,0.06680460597337172
1.0,1.0,0.6666666666666666,0.0,0.0,0.11194674343288953
1.0,1.0,1.0,1.0,0.3333333333333333,0.19897445124145377
1.0,1.0,1.0,1.0,1.0,0.06754228139618568
1.0,1.0,1.0,1.0,0.6666666666666666,0.04039222741993523
1.0,1.0,1.0,1.0,0.0,0.06592299388269161
1.0,1.0,1.0,0.0,0.3333333333333333,0.2879273119827276
1.0,1.0,1.0,0.0,1.0,0.060543360921194674
1.0,1.0,1.0,0.0,0.6666666666666666,0.053832313781935946
1.0,1.0,1.0,0.0,0.0,0.1415077365958978
1.0,0.75,0.0,1.0,0.3333333333333333,0.3273299748110831
1.0,0.75,0.0,1.0,1.0,0.20527168046059735
1.0,0.75,0.0,1.0,0.6666666666666666,0.19697732997481107
1.0,0.75,0.0,1.0,0.0,0.15509175962576466
1.0,0.75,0.0,0.0,0.3333333333333333,0.09640158330334653
1.0,0.75,0.0,0.0,1.0,0.03690176322418136
1.0,0.75,0.0,0.0,0.6666666666666666,0.07806765023389708
1.0,0.75,0.0,0.0,0.0,0.09422454120187118
1.0,0.75,0.3333333333333333,1.0,0.3333333333333333,0.377995681899964
1.0,0.75,0.3333333333333333,1.0,1.0,0.22423533645196114
1.0,0.75,0.3333333333333333,1.0,0.6666666666666666,0.1877653832313782
1.0,0.75,0.3333333333333333,1.0,0.0,0.15106153292551278
1.0,0.75,0.3333333333333333,0.0,0.3333333333333333,0.10314861460957178
1.0,0.75,0.3333333333333333,0.0,1.0,0.035426412378553436
1.0,0.75,0.3333333333333333,0.0,0.6666666666666666,0.060471392587261606
1.0,0.75,0.3333333333333333,0.0,0.0,0.08132421734436848
1.0,0.75,0.6666666666666666,1.0,0.3333333333333333,0.571734436847787
1.0,0.75,0.6666666666666666,1.0,1.0,0.26932349766102914
1.0,0.75,0.6666666666666666,1.0,0.6666666666666666,0.15383231378193596
1.0,0.75,0.6666666666666666,1.0,0.0,0.15498380712486506
1.0,0.75,0.6666666666666666,0.0,0.3333333333333333,0.15417416336811804
1.0,0.75,0.6666666666666666,0.0,1.0,0.03731558114429651
1.0,0.75,0.6666666666666666,0.0,0.6666666666666666,0.04354084202950702
1.0,0.75,0.6666666666666666,0.0,0.0,0.08393306944944225
1.0,0.75,1.0,1.0,0.3333333333333333,0.5363440086362
1.0,0.75,1.0,1.0,1.0,0.20505577545879813
1.0,0.75,1.0,1.0,0.6666666666666666,0.0706189276718244
1.0,0.75,1.0,1.0,0.0,0.10295070169125585
1.0,0.75,1.0,0.0,0.3333333333333333,0.49028427491903565
1.0,0.75,1.0,0.0,1.0,0.10561353004677941
1.0,0.75,1.0,0.0,0.6666666666666666,0.04719323497661029
1.0,0.75,1.0,0.0,0.0,0.14415257286793812
1.0,0.5,0.0,1.0,0.3333333333333333,0.37907520690896007
1.0,0.5,0.0,1.0,1.0,0.3009895645915797
1.0,0.5,0.0,1.0,0.6666666666666666,0.15332853544440447
1.0,0.5,0.0,1.0,0.0,0.1131162288593019
1.0,0.5,0.0,0.0,0.3333333333333333,0.12466714645555955
1.0,0.5,0.0,0.0,1.0,0.06563512054695934
1.0,0.5,0.0,0.0,0.6666666666666666,0.0680820439006837
1.0,0.5,0.0,0.0,0.0,0.09228139618567831
1.0,0.5,0.3333333333333333,1.0,0.3333333333333333,0.30503778337531484
1.0,0.5,0.3333333333333333,1.0,1.0,0.21246851385390428
1.0,0.5,0.3333333333333333,1.0,0.6666666666666666,0.10554156171284634
1.0,0.5,0.3333333333333333,1.0,0.0,0.08431090320259085
1.0,0.5,0.3333333333333333,0.0,0.3333333333333333,0.07785174523209788
1.0,0.5,0.3333333333333333,0.0,1.0,0.03258366318819719
1.0,0.5,0.3333333333333333,0.0,0.6666666666666666,0.04066210867218424
1.0,0.5,0.3333333333333333,0.0,0.0,0.050125944584382874
1.0,0.5,0.6666666666666666,1.0,0.3333333333333333,0.33981648074847065
1.0,0.5,0.6666666666666666,1.0,1.0,0.19059014033825117
1.0,0.5,0.6666666666666666,1.0,0.6666666666666666,0.07311982727599856
1.0,0.5,0.6666666666666666,1.0,0.0,0.06810003598416697
1.0,0.5,0.6666666666666666,0.0,0.3333333333333333,0.06950341849586182
1.0,0.5,0.6666666666666666,0.0,1.0,0.021446563512054696
1.0,0.5,0.6666666666666666,0.0,0.6666666666666666,0.022076286433969052
1.0,0.5,0.6666666666666666,0.0,0.0,0.03702770780856423
1.0,0.5,1.0,1.0,0.3333333333333333,0.2918495861820799
1.0,0.5,1.0,1.0,1.0,0.12094278517452321
1.0,0.5,1.0,1.0,0.6666666666666666,0.03470672903922274
1.0,0.5,1.0,1.0,0.0,0.04681540122346168
1.0,0.5,1.0,0.0,0.3333333333333333,0.1627923713566031
1.0,0.5,1.0,0.0,1.0,0.03985246491543721
1.0,0.5,1.0,0.0,0.6666666666666666,0.018315940985966176
1.0,0.5,1.0,0.0,0.0,0.04960417416336812
1.0,0.25,0.0,1.0,0.3333333333333333,0.5905541561712846
1.0,0.25,0.0,1.0,1.0,0.5666966534724721
1.0,0.25,0.0,1.0,0.6666666666666666,0.14037423533645196
1.0,0.25,0.0,1.0,0.0,0.10685498380712487
1.0,0.25,0.0,0.0,0.3333333333333333,0.12819359481827997
1.0,0.25,0.0,0.0,1.0,0.0793270960777258
1.0,0.25,0.0,0.0,0.6666666666666666,0.05334652752788773
1.0,0.25,0.0,0.0,0.0,0.08242173443684779
1.0,0.25,0.3333333333333333,1.0,0.3333333333333333,0.6137819359481828
1.0,0.25,0.3333333333333333,1.0,1.0,0.5097157250809644
1.0,0.25,0.3333333333333333,1.0,0.6666666666666666,0.1340590140338251
1.0,0.25,0.3333333333333333,1.0,0.0,0.1060633321338611
1.0,0.25,0.3333333333333333,0.0,0.3333333333333333,0.11187477509895646
1.0,0.25,0.3333333333333333,0.0,1.0,0.06165887009715725
1.0,0.25,0.3333333333333333,0.0,0.6666666666666666,0.041255847427132064
1.0,0.25,0.3333333333333333,0.0,0.0,0.052698812522490104
1.0,0.25,0.6666666666666666,1.0,0.3333333333333333,0.5267542281396186
1.0,0.25,0.6666666666666666,1.0,1.0,0.35322058294350483
1.0,0.25,0.6666666666666666,1.0,0.6666666666666666,0.0837351565311263
1.0,0.25,0.6666666666666666,1.0,0.0,0.07493702770780857
1.0,0.25,0.6666666666666666,0.0,0.3333333333333333,0.06419575386829796
1.0,0.25,0.6666666666666666,0.0,1.0,0.024793091039942424
1.0,0.25,0.6666666666666666,0.0,0.6666666666666666,0.018675782655631523
1.0,0.25,0.6666666666666666,0.0,0.0,0.032637639438647
1.0,0.25,1.0,1.0,0.3333333333333333,0.421266642677222
1.0,0.25,1.0,1.0,1.0,0.19787693414897445
1.0,0.25,1.0,1.0,0.6666666666666666,0.03614609571788413
1.0,0.25,1.0,1.0,0.0,0.05034184958618208
1.0,0.25,1.0,0.0,0.3333333333333333,0.12562072688017273
1.0,0.25,1.0,0.0,1.0,0.033861101115509176
1.0,0.25,1.0,0.0,0.6666666666666666,0.013691975530766462
1.0,0.25,1.0,0.0,0.0,0.037567470313062255
1.0,0.0,0.0,1.0,0.3333333333333333,0.0006657070888808924
1.0,0.0,0.0,1.0,1.0,0.0003418495861820799
1.0,0.0,0.0,1.0,0.6666666666666666,0.00021590500179920834
1.0,0.0,0.0,1.0,0.0,0.0005037783375314861
1.0,0.0,0.0,0.0,0.3333333333333333,0.00129543001079525
1.0,0.0,0.0,0.0,1.0,0.0003418495861820799
1.0,0.0,0.0,0.0,0.6666666666666666,0.0006657070888808924
1.0,0.0,0.0,0.0,0.0,0.0016192875134940627
1.0,0.0,0.3333333333333333,1.0,0.3333333333333333,0.0003598416696653472
1.0,0.0,0.3333333333333333,1.0,1.0,8.99604174163368e-05
1.0,0.0,0.3333333333333333,1.0,0.6666666666666666,0.00012594458438287153
1.0,0.0,0.3333333333333333,1.0,0.0,0.0002878733357322778
1.0,0.0,0.3333333333333333,0.0,0.3333333333333333,0.0008096437567470313
1.0,0.0,0.3333333333333333,0.0,1.0,0.00025188916876574307
1.0,0.0,0.3333333333333333,0.0,0.6666666666666666,0.000395825836631882
1.0,0.0,0.3333333333333333,0.0,0.0,0.0008276358402302987
1.0,0.0,0.6666666666666666,1.0,0.3333333333333333,0.00021590500179920834
1.0,0.0,0.6666666666666666,1.0,1.0,7.196833393306946e-05
1.0,0.0,0.6666666666666666,1.0,0.6666666666666666,1.7992083483267364e-05
1.0,0.0,0.6666666666666666,1.0,0.0,0.00030586541921554514
1.0,0.0,0.6666666666666666,0.0,0.3333333333333333,0.000647715005397625
1.0,0.0,0.6666666666666666,0.0,1.0,8.99604174163368e-05
1.0,0.0,0.6666666666666666,0.0,0.6666666666666666,0.000197912918315941
1.0,0.0,0.6666666666666666,0.0,0.0,0.0007736595897804966
1.0,0.0,1.0,1.0,0.3333333333333333,7.196833393306946e-05
1.0,0.0,1.0,1.0,1.0,1.7992083483267364e-05
1.0,0.0,1.0,1.0,0.6666666666666666,0.0
1.0,0.0,1.0,1.0,0.0,0.00023389708528247572
1.0,0.0,1.0,0.0,0.3333333333333333,0.0005397625044980209
1.0,0.0,1.0,0.0,1.0,0.0
1.0,0.0,1.0,0.0,0.6666666666666666,5.3976250449802085e-05
1.0,0.0,1.0,0.0,0.0,0.00026988125224901044
